[
  {
    "player_name": "Suresh Raina",
    "player_img_url": "GujratLions/suresh_raina.png",
    "player_role": "Batsman",
    "player_batting_style": "left_handed",
    "player_bowling_style": "Right-arm off-spin",
    "player_nationality": "Indian",
    "player_dob": "27 November 1986",
    "destination_folder_name": "/IPL/Gujrat-Lions/"
  },
  {
    "player_name": "Aaron Finch",
    "player_img_url": "GujratLions/aaron_finch.png",
    "player_role": "Batsman",
    "player_batting_style": "Right-handed",
    "player_bowling_style": "Left-arm medium",
    "player_nationality": "Australian",
    "player_dob": "17 November 1986",
    "destination_folder_name": "/IPL/Gujrat-Lions/"
  },
  {
    "player_name": "Akshdeep Nath",
    "player_img_url": "GujratLions/akshdeep_nath.png",
    "player_role": "All-rounder",
    "player_batting_style": "Right-handed",
    "player_bowling_style": "Right-arm medium-fast",
    "player_nationality": "Indian",
    "player_dob": "10 May 1993",
    "destination_folder_name": "/IPL/Gujrat-Lions/"
  },
  {
    "player_name": "A Mishra",
    "player_img_url": "GujratLions/a_mishra.png",
    "player_role": "Bowler",
    "player_batting_style": "Right-handed",
    "player_bowling_style": "Right-arm medium",
    "player_nationality": "Indian",
    "player_dob": "11 November 1991",
    "destination_folder_name": "/IPL/Gujrat-Lions/"
  },
  {
    "player_name": "Andrew Tye",
    "player_img_url": "GujratLions/andrew_tye.png",
    "player_role": "All-rounder",
    "player_batting_style": "Right-handed",
    "player_bowling_style": "Right-arm medium fast",
    "player_nationality": "Australian",
    "player_dob": "12 December 1986",
    "destination_folder_name": "/IPL/Gujrat-Lions/"
  },
  {
    "player_name": "Brendon MacCullum",
    "player_img_url": "GujratLions/brendon_mcCullum.png",
    "player_role": "Wicketkeeper batsman",
    "player_batting_style": "Right-handed",
    "player_bowling_style": "Right-arm medium",
    "player_nationality": "New Zealander",
    "player_dob": "27 September 1981",
    "destination_folder_name": "/IPL/Gujrat-Lions/"
  },
  {
    "player_name": "Dale Steyn",
    "player_img_url": "GujratLions/dale_steyn.png",
    "player_role": "Bowler",
    "player_batting_style": "Right-handed",
    "player_bowling_style": "Right-arm fast",
    "player_nationality": "South African",
    "player_dob": "27 June 1983",
    "destination_folder_name": "/IPL/Gujrat-Lions/"
  },
  {
    "player_name": "Dhawal Kulkarni",
    "player_img_url": "GujratLions/dhawal_kulkarni.png",
    "player_role": "Bowler",
    "player_batting_style": "Right-handed",
    "player_bowling_style": "Right-arm medium fast",
    "player_nationality": "Indian",
    "player_dob": "10 December 1988",
    "destination_folder_name": "/IPL/Gujrat-Lions/"
  },
  {
    "player_name": "Dinesh Karthik",
    "player_img_url": "GujratLions/dinesh_karthik.png",
    "player_role": "Wicketkeeper batsman",
    "player_batting_style": "Right-handed",
    "player_bowling_style": "-",
    "player_nationality": "Indian",
    "player_dob": "01 June 1985",
    "destination_folder_name": "/IPL/Gujrat-Lions/"
  },
  {
    "player_name": "Dwayne Bravo",
    "player_img_url": "GujratLions/dwayne_bravo.png",
    "player_role": "All-rounder",
    "player_batting_style": "All-rounder",
    "player_bowling_style": "All-rounder",
    "player_nationality": "West Indian",
    "player_dob": "07 October 1983",
    "destination_folder_name": "/IPL/Gujrat-Lions/"
  },
  {
    "player_name": "Dwayne Smith",
    "player_img_url": "GujratLions/dwayne_smith.png",
    "player_role": "Batting All-rounder",
    "player_batting_style": "Right-handed",
    "player_bowling_style": "Right-arm medium",
    "player_nationality": "West Indian",
    "player_dob": "12 April 1983",
    "destination_folder_name": "/IPL/Gujrat-Lions/"
  },
  {
    "player_name": "Eklavya Dwivedi",
    "player_img_url": "GujratLions/eklavya_dwivedi.png",
    "player_role": "Wicketkeeper batsman",
    "player_batting_style": "Right-handed",
    "player_bowling_style": "-",
    "player_nationality": "Indian",
    "player_dob": "22 July 1988",
    "destination_folder_name": "/IPL/Gujrat-Lions/"
  },
  {
    "player_name": "Ishan Kishan",
    "player_img_url": "GujratLions/ishan_kishan.png",
    "player_role": "-",
    "player_batting_style": "-",
    "player_bowling_style": "-",
    "player_nationality": "Indian",
    "player_dob": "18 July 1998",
    "destination_folder_name": "/IPL/Gujrat-Lions/"
  },
  {
    "player_name": "James Faulkener",
    "player_img_url": "GujratLions/james_faulkner.png",
    "player_role": "All-rounder",
    "player_batting_style": "All-rounder",
    "player_bowling_style": "All-rounder",
    "player_nationality": "Australian",
    "player_dob": "29 April 1990",
    "destination_folder_name": "/IPL/Gujrat-Lions/"
  },
  {
    "player_name": "Jaydev Shah",
    "player_img_url": "GujratLions/jaydev_shah.png",
    "player_role": "Batsman",
    "player_batting_style": "Left-handed",
    "player_bowling_style": "Right-arm off-spin",
    "player_nationality": "Indian",
    "player_dob": "04 May 1983",
    "destination_folder_name": "/IPL/Gujrat-Lions/"
  },
  {
    "player_name": "Paras Dogra",
    "player_img_url": "GujratLions/paras_dogra.png",
    "player_role": "Batsman",
    "player_batting_style": "Right-handed",
    "player_bowling_style": "Right-arm leg spin",
    "player_nationality": "Indian",
    "player_dob": "19 November 1984",
    "destination_folder_name": "/IPL/Gujrat-Lions/"
  },
  {
    "player_name": "Pradeep Sangwan",
    "player_img_url": "GujratLions/pradeep_sangwan.png",
    "player_role": "Bowler",
    "player_batting_style": "Right-handed",
    "player_bowling_style": "Left-arm medium fast",
    "player_nationality": "Indian",
    "player_dob": "05 November 1990",
    "destination_folder_name": "/IPL/Gujrat-Lions/"
  },
  {
    "player_name": "Praveen Kumar",
    "player_img_url": "GujratLions/praveen_kumar.png",
    "player_role": "Bowler",
    "player_batting_style": "Right-handed",
    "player_bowling_style": "Right-arm medium",
    "player_nationality": "Indian",
    "player_dob": "02 October 1986",
    "destination_folder_name": "/IPL/Gujrat-Lions/"
  },
  {
    "player_name": "Pravin Tambe",
    "player_img_url": "GujratLions/pravin_tambe.png",
    "player_role": "All-rounder",
    "player_batting_style": "Right-handed",
    "player_bowling_style": "Right-arm leg spin",
    "player_nationality": "Indian",
    "player_dob": "08 October 1971",
    "destination_folder_name": "/IPL/Gujrat-Lions/"
  },
  {
    "player_name": "Ravindra Jadeja",
    "player_img_url": "GujratLions/ravindra_jadeja.png",
    "player_role": "All-rounder",
    "player_batting_style": "Left-handed",
    "player_bowling_style": "Left-arm orthodox spin",
    "player_nationality": "Indian",
    "player_dob": "06 December 1988",
    "destination_folder_name": "/IPL/Gujrat-Lions/"
  },
  {
    "player_name": "Sarabjit Ladda",
    "player_img_url": "GujratLions/sarabjit_ladda.png",
    "player_role": "Bowler",
    "player_batting_style": "Right-handed",
    "player_bowling_style": "Right-arm leg spin",
    "player_nationality": "Indian",
    "player_dob": "10 July 1986",
    "destination_folder_name": "/IPL/Gujrat-Lions/"
  },
  {
    "player_name": "Shadab Jakati",
    "player_img_url": "GujratLions/shadab_jakati.png",
    "player_role": "Bowler",
    "player_batting_style": "Left-handed",
    "player_bowling_style": "Left-arm orthodox spin",
    "player_nationality": "Indian",
    "player_dob": "27 November 1980",
    "destination_folder_name": "/IPL/Gujrat-Lions/"
  },
  {
    "player_name": "Shivil Kaushik",
    "player_img_url": "GujratLions/shivil_kaushik.png",
    "player_role": "Bowler",
    "player_batting_style": "Left-handed",
    "player_bowling_style": "-",
    "player_nationality": "Indian",
    "player_dob": "09 July 1995",
    "destination_folder_name": "/IPL/Gujrat-Lions/"
  },
  {
    "player_name": "Umang Sharma",
    "player_img_url": "GujratLions/umang_sharma.png",
    "player_role": "-",
    "player_batting_style": "-",
    "player_bowling_style": "-",
    "player_nationality": "Indian",
    "player_dob": "20 October 1989",
    "destination_folder_name": "/IPL/Gujrat-Lions/"
  }
]
