[
 {
   "player_name": "Murali Vijay",
   "player_img_url": "KingsXIPunjab/murali_vijay.png",
   "player_role": "Batsman",
   "player_batting_style": "Right-handed",
   "player_bowling_style": "Right-arm off-spin",
   "player_nationality": "Indian",
   "player_dob": "01 April 1984",
   "destination_folder_name":"/IPL/Kings-XI-Punjab/"
 },
 {
   "player_name": "David Miller",
   "player_img_url": "KingsXIPunjab/david_miller.png",
   "player_role": "Batsman",
   "player_batting_style": "Left-handed",
   "player_bowling_style": "Right-arm off-spin",
   "player_nationality": "South African",
   "player_dob": "10 June 1989",
   "destination_folder_name":"/IPL/Kings-XI-Punjab/"
 },
 {
   "player_name": "Kyle Abbott",
   "player_img_url": "KingsXIPunjab/kyle_abbott.png",
   "player_role": "All-rounder",
   "player_batting_style": "Right-handed",
   "player_bowling_style": "Right-arm medium fast",
   "player_nationality": "South African",
   "player_dob": "18 June 1987",
   "destination_folder_name":"/IPL/Kings-XI-Punjab/"
 },
 {
   "player_name": "Anureet Singh",
   "player_img_url": "KingsXIPunjab/anureet_singh.png",
   "player_role": "Bowler",
   "player_batting_style": "Right-handed",
   "player_bowling_style": "Right-arm medium",
   "player_nationality": "Indian",
   "player_dob": "26 February 1982",
   "destination_folder_name":"/IPL/Kings-XI-Punjab/"
 },
 {
   "player_name": "Armaan Jaffer",
   "player_img_url": "KingsXIPunjab/armaan_jaffer.png",
   "player_role": "Batsman",
   "player_batting_style": "Right-handed",
   "player_bowling_style": "-",
   "player_nationality": "Indian",
   "player_dob": "25 October 1998",
   "destination_folder_name":"/IPL/Kings-XI-Punjab/"
 },
 {
   "player_name": "Farhaan Behardien",
   "player_img_url": "KingsXIPunjab/armaan_jaffer.png",
   "player_role": "Batsman",
   "player_batting_style": "Right-handed",
   "player_bowling_style": "Right-arm fast-medium",
   "player_nationality": "South African",
   "player_dob": "09 October 1983",
   "destination_folder_name":"/IPL/Kings-XI-Punjab/"
 },
 {
   "player_name": "KC Cariappa",
   "player_img_url": "KingsXIPunjab/k_c_cariappa.png",
   "player_role": "Bowler",
   "player_batting_style": "Right-handed",
   "player_bowling_style": "Leg-break",
   "player_nationality": "Indian",
   "player_dob": "13 April 1994",
   "destination_folder_name":"/IPL/Kings-XI-Punjab/"
 },
 {
   "player_name": "Rishi Dhawan",
   "player_img_url": "KingsXIPunjab/rishi_dhawan.png",
   "player_role": "All-rounder",
   "player_batting_style": "Right-handed",
   "player_bowling_style": "Right-arm medium fast",
   "player_nationality": "Indian",
   "player_dob": "19 February 1990",
   "destination_folder_name":"/IPL/Kings-XI-Punjab/"
 },
 {
   "player_name": "Gurkeerat Mann Singh",
   "player_img_url": "KingsXIPunjab/gurkeerat_mannSingh.png",
   "player_role": "Batsman",
   "player_batting_style": "Right-handed",
   "player_bowling_style": "Right-arm off-spin",
   "player_nationality": "Indian",
   "player_dob": "29 June 1990",
   "destination_folder_name":"/IPL/Kings-XI-Punjab/"
 },
 {
   "player_name": "Mitchell Johnson",
   "player_img_url": "KingsXIPunjab/mitchell_johnson.png",
   "player_role": "Bowling All-rounder",
   "player_batting_style": "Left-handed",
   "player_bowling_style": "Left-arm fast",
   "player_nationality": "Australian",
   "player_dob": "02 November 1981",
   "destination_folder_name":"/IPL/Kings-XI-Punjab/"
 },
 {
   "player_name": "Shaun Marsh",
   "player_img_url": "KingsXIPunjab/shaun_marsh.png",
   "player_role": "Batsman",
   "player_batting_style": "Left-handed",
   "player_bowling_style": "Left-arm orthodox spin",
   "player_nationality": "Australian",
   "player_dob": "09 July 1983",
   "destination_folder_name":"/IPL/Kings-XI-Punjab/"
 },
 {
   "player_name": "Glenn Maxwell",
   "player_img_url": "KingsXIPunjab/glenn_maxwell.png",
   "player_role": "All-rounder",
   "player_batting_style": "Right-handed",
   "player_bowling_style": "Right-arm off-spin",
   "player_nationality": "Australian",
   "player_dob": "14 October 1988",
   "destination_folder_name":"/IPL/Kings-XI-Punjab/"
 },
 {
   "player_name": "Nikhil Naik",
   "player_img_url": "KingsXIPunjab/nikhil_naik.png",
   "player_role": "Wicketkeeper-batsman",
   "player_batting_style": "Right-handed",
   "player_bowling_style": "-",
   "player_nationality": "Indian",
   "player_dob": "09 November 1994",
   "destination_folder_name":"/IPL/Kings-XI-Punjab/"
 },
 {
   "player_name": "Axar Patel",
   "player_img_url": "KingsXIPunjab/axar_patel.png",
   "player_role": "All-rounder",
   "player_batting_style": "Left-handed",
   "player_bowling_style": "Left-arm orthodox spin",
   "player_nationality": "Indian",
   "player_dob": "20 January 1994",
   "destination_folder_name":"/IPL/Kings-XI-Punjab/"
 },
 {
   "player_name": "Wriddhiman Saha",
   "player_img_url": "KingsXIPunjab/wriddhiman_saha.png",
   "player_role": "Wicketkeeper batsman",
   "player_batting_style": "Right-handed",
   "player_bowling_style": "-",
   "player_nationality": "Indian",
   "player_dob": "24 October 1984",
   "destination_folder_name":"/IPL/Kings-XI-Punjab/"
 },
 {
   "player_name": "Pradeep Sahu",
   "player_img_url": "KingsXIPunjab/pardeep_sahu.png",
   "player_role": "Batsman",
   "player_batting_style": "Right-handed",
   "player_bowling_style": "Leg-spin",
   "player_nationality": "Indian",
   "player_dob": "21 August 1985",
   "destination_folder_name":"/IPL/Kings-XI-Punjab/"
 },
 {
   "player_name": "Sandeep Sharma",
   "player_img_url": "KingsXIPunjab/sandeep_sharma.png",
   "player_role": "Bowler",
   "player_batting_style": "Right-handed",
   "player_bowling_style": "Right-arm medium",
   "player_nationality": "Indian",
   "player_dob": "18 May 1993",
   "destination_folder_name":"/IPL/Kings-XI-Punjab/"
 },
 {
   "player_name": "Mohit Sharma",
   "player_img_url": "KingsXIPunjab/mohit_sharma.png",
   "player_role": "Bowler",
   "player_batting_style": "Right-handed",
   "player_bowling_style": "Right-arm medium",
   "player_nationality": "Indian",
   "player_dob": "19 December 1991",
   "destination_folder_name":"/IPL/Kings-XI-Punjab/"
 },
 {
   "player_name": "Marcus Stonis",
   "player_img_url": "KingsXIPunjab/marcus_stoinis.png",
   "player_role": "All-rounder",
   "player_batting_style": "Right-handed",
   "player_bowling_style": "Right-arm medium-fast",
   "player_nationality": "Australian",
   "player_dob": "16 August 1989",
   "destination_folder_name":"/IPL/Kings-XI-Punjab/"
 },
 {
   "player_name": "Swapnil Singh",
   "player_img_url": "KingsXIPunjab/swapnil_singh.png",
   "player_role": "Bowling all-rounder",
   "player_batting_style": "Right-handed",
   "player_bowling_style": "Left-arm spin",
   "player_nationality": "Indian",
   "player_dob": "22 January 1991",
   "destination_folder_name":"/IPL/Kings-XI-Punjab/"
 },
 {
   "player_name": "Shardul Thakur",
   "player_img_url": "KingsXIPunjab/shardul_thakur.png",
   "player_role": "Bowler",
   "player_batting_style": "Right-handed",
   "player_bowling_style": "Right-arm medium",
   "player_nationality": "Indian",
   "player_dob": "16 October 1991",
   "destination_folder_name":"/IPL/Kings-XI-Punjab/"
 },
 {
   "player_name": "Manan Vohra",
   "player_img_url": "KingsXIPunjab/manan_vohra.png",
   "player_role": "Batsman",
   "player_batting_style": "Right-handed",
   "player_bowling_style": "Right-arm medium",
   "player_nationality": "Indian",
   "player_dob": "18 July 1993",
   "destination_folder_name":"/IPL/Kings-XI-Punjab/"
 },
 {
   "player_name": "Hashim Amla",
   "player_img_url": "KingsXIPunjab/hashim_amla.png",
   "player_role": "Batsman",
   "player_batting_style": "Right-handed",
   "player_bowling_style": "-",
   "player_nationality": "Batsman",
   "player_dob": "31 March 1983",
   "destination_folder_name":"/IPL/Kings-XI-Punjab/"
 }
]
