[
  {
    "player_name": "David Warner",
    "player_img_url": "SunRisersHyderabad/david_warner.png",
    "player_role": "Batsman",
    "player_batting_style": "Left-handed",
    "player_bowling_style": "Right-arm leg spin",
    "player_nationality": "Australian",
    "player_dob": "27 October 1986",
    "destination_folder_name":"/IPL/Sunrisers-Hyderabad"
  },
  {
    "player_name": "Ashish Reddy",
    "player_img_url": "SunRisersHyderabad/ashish_reddy.png",
    "player_role": "Bowler",
    "player_batting_style": "Right-handed",
    "player_bowling_style": "Right-arm medium",
    "player_nationality": "Indian",
    "player_dob": "24 February 1981",
    "destination_folder_name":"/IPL/Sunrisers-Hyderabad"
  },
  {
    "player_name": "Ricky Bhui",
    "player_img_url": "SunRisersHyderabad/ricky_bhui.png",
    "player_role": "Batsman",
    "player_batting_style": "Right-handed",
    "player_bowling_style": "Right-arm leg spin",
    "player_nationality": "Indian",
    "player_dob": "29 September 1996",
    "destination_folder_name":"/IPL/Sunrisers-Hyderabad"
  },
  {
    "player_name": "Bipul Sharma",
    "player_img_url": "SunRisersHyderabad/bipul_sharma.png",
    "player_role": "All-rounder",
    "player_batting_style": "Left-handed",
    "player_bowling_style": "Left-arm orthodox spin",
    "player_nationality": "Indian",
    "player_dob": "28 September 1983",
    "destination_folder_name":"/IPL/Sunrisers-Hyderabad"
  },
  {
    "player_name": "Trent Boult",
    "player_img_url": "SunRisersHyderabad/trent_boult.png",
    "player_role": "Bowler",
    "player_batting_style": "Right-hand",
    "player_bowling_style": "Left-arm fast-medium",
    "player_nationality": "New Zealander",
    "player_dob": "22 July 1989",
    "destination_folder_name":"/IPL/Sunrisers-Hyderabad"
  },
  {
    "player_name": "Ben Cutting",
    "player_img_url": "SunRisersHyderabad/ben_cutting.png",
    "player_role": "Bowler",
    "player_batting_style": "Right-handed",
    "player_bowling_style": "Right-arm fast-medium",
    "player_nationality": "Australian",
    "player_dob": "30 January 1987",
    "destination_folder_name":"/IPL/Sunrisers-Hyderabad"
  },
  {
    "player_name": "Shikhar Dhawan",
    "player_img_url": "SunRisersHyderabad/shikhar_dhawan.png",
    "player_role": "Batsman",
    "player_batting_style": "Left-handed",
    "player_bowling_style": "-",
    "player_nationality": "Indian",
    "player_dob": "05 December 1985",
    "destination_folder_name":"/IPL/Sunrisers-Hyderabad"
  },
  {
    "player_name": "Moises Henriques",
    "player_img_url": "SunRisersHyderabad/moises_henriques.png",
    "player_role": "All-rounder",
    "player_batting_style": "Right-handed",
    "player_bowling_style": "Right-arm medium fast",
    "player_nationality": "Australian",
    "player_dob": "01 February 1987",
    "destination_folder_name":"/IPL/Sunrisers-Hyderabad"
  },
  {
    "player_name": "Deepak Hooda",
    "player_img_url": "SunRisersHyderabad/deepak_hooda.png",
    "player_role": "Bowling All-rounder",
    "player_batting_style": "Right-handed",
    "player_bowling_style": "Right-arm off-spin",
    "player_nationality": "Indian",
    "player_dob": "19 April 1995",
    "destination_folder_name":"/IPL/Sunrisers-Hyderabad"
  },
  {
    "player_name": "Siddarth Kaul",
    "player_img_url": "SunRisersHyderabad/siddarth_kaul.png",
    "player_role": "Bowler",
    "player_batting_style": "Right-handed",
    "player_bowling_style": "Right-arm medium fast",
    "player_nationality": "Indian",
    "player_dob": "19 May 1990",
    "destination_folder_name":"/IPL/Sunrisers-Hyderabad"
  },
  {
    "player_name": "Bhuvneshwar Kumar",
    "player_img_url": "SunRisersHyderabad/bhuvneshwar_kumar.png",
    "player_role": "Bowler",
    "player_batting_style": "Right-handed",
    "player_bowling_style": "Right-arm medium",
    "player_nationality": "Indian",
    "player_dob": "05 December 1990",
    "destination_folder_name":"/IPL/Sunrisers-Hyderabad"
  },
  {
    "player_name": "Abhimanyu Mithun",
    "player_img_url": "SunRisersHyderabad/abhimanyu_mithun.png",
    "player_role": "Bowler",
    "player_batting_style": "Right-handed",
    "player_bowling_style": "Right-arm medium fast",
    "player_nationality": "Indian",
    "player_dob": "25 October 1989",
    "destination_folder_name":"/IPL/Sunrisers-Hyderabad"
  },
  {
    "player_name": "Eoin Morgan",
    "player_img_url": "SunRisersHyderabad/eoin_morgan.png",
    "player_role": "Batsman",
    "player_batting_style": "Left-handed",
    "player_bowling_style": "Right-arm medium",
    "player_nationality": "English",
    "player_dob": "10 September 1986",
    "destination_folder_name":"/IPL/Sunrisers-Hyderabad"
  },
  {
    "player_name": "Mustafizur Rahman",
    "player_img_url": "SunRisersHyderabad/mustafizur_rahman.png",
    "player_role": "Bowler",
    "player_batting_style": "Right-handed",
    "player_bowling_style": "Left-arm fast",
    "player_nationality": "Bangladeshi",
    "player_dob": "06 September 1995",
    "destination_folder_name":"/IPL/Sunrisers-Hyderabad"
  },
  {
    "player_name": "Ashish Nehra",
    "player_img_url": "SunRisersHyderabad/ashish_nehra.png",
    "player_role": "Bowler",
    "player_batting_style": "Right-handed",
    "player_bowling_style": "Left-arm medium fast",
    "player_nationality": "Indian",
    "player_dob": "29 April 1979",
    "destination_folder_name":"/IPL/Sunrisers-Hyderabad"
  },
  {
    "player_name": "Naman Ojha",
    "player_img_url": "SunRisersHyderabad/naman_ojha.png",
    "player_role": "Wicketkeeper batsman",
    "player_batting_style": "Right-handed",
    "player_bowling_style": "-",
    "player_nationality": "Indian",
    "player_dob": "20 July 1983",
    "destination_folder_name":"/IPL/Sunrisers-Hyderabad"
  },
  {
    "player_name": "Vijay Shankar",
    "player_img_url": "SunRisersHyderabad/vijay_shankar.png",
    "player_role": "All-rounder",
    "player_batting_style": "Right-handed",
    "player_bowling_style": "Right-arm offbreak",
    "player_nationality": "Indian",
    "player_dob": "26 January 1991",
    "destination_folder_name":"/IPL/Sunrisers-Hyderabad"
  },
  {
    "player_name": "Karn Sharma",
    "player_img_url": "SunRisersHyderabad/karn_sharma.png",
    "player_role": "All-rounder",
    "player_batting_style": "Left-handed",
    "player_bowling_style": "Right-arm leg spin",
    "player_nationality": "Indian",
    "player_dob": "23 October 1987",
    "destination_folder_name":"/IPL/Sunrisers-Hyderabad"
  },
  {
    "player_name": "Barinder Sran",
    "player_img_url": "SunRisersHyderabad/barinder_sran.png",
    "player_role": "Bowler",
    "player_batting_style": "-",
    "player_bowling_style": "Left-arm medium",
    "player_nationality": "Indian",
    "player_dob": "10 December 1992",
    "destination_folder_name":"/IPL/Sunrisers-Hyderabad"
  },
  {
    "player_name": "Tirumalasetti Suman",
    "player_img_url": "SunRisersHyderabad/tirumalasetti_suman.png",
    "player_role": "Batsman",
    "player_batting_style": "Right-handed",
    "player_bowling_style": "Right-arm off-spin",
    "player_nationality": "Indian",
    "player_dob": "15 December 1983",
    "destination_folder_name":"/IPL/Sunrisers-Hyderabad"
  },
  {
    "player_name": "Aditya Tare",
    "player_img_url": "SunRisersHyderabad/aditya_tare.png",
    "player_role": "Wicketkeeper Batsman",
    "player_batting_style": "Right-handed",
    "player_bowling_style": "-",
    "player_nationality": "Indian",
    "player_dob": "27 February 2012",
    "destination_folder_name":"/IPL/Sunrisers-Hyderabad"
  },
  {
    "player_name": "Kane Williamson",
    "player_img_url": "SunRisersHyderabad/kane_williamson.png",
    "player_role": "Batsman",
    "player_batting_style": "Right-hand",
    "player_bowling_style": "Right-arm off-spin",
    "player_nationality": "New Zealander",
    "player_dob": "08 August 1990",
    "destination_folder_name":"/IPL/Sunrisers-Hyderabad"
  },
  {
    "player_name": "Yuvraj Singh",
    "player_img_url": "SunRisersHyderabad/yuvraj_singh.png",
    "player_role": "All-rounder",
    "player_batting_style": "Left-handed",
    "player_bowling_style": "Left-arm orthodox spin",
    "player_nationality": "Indian",
    "player_dob": "12 December 1981",
    "destination_folder_name":"/IPL/Sunrisers-Hyderabad"
  }
]
