[
  {
    "team_name": "Delhi Daredevils",
    "team_img_url": "delhi",
    "team_coach": "Paddy Upton",
    "team_captain": "Zaheer Khan",
    "team_home_venue": "Feroz Shah Kotla Ground",
    "team_owner": "GMR Sports Pvt Ltd",
    "team_players": [
      {
        "player_name": "Akhil Herwadkar",
        "player_img_url": "http://iplstatic.s3.amazonaws.com/players/210/1562.png",
        "player_role": "Batsman",
        "player_batting_style": "left_handed",
        "player_bowling_style": "Off-spin and medium pace",
        "player_nationality": "Indian",
        "player_dob": "31 October 1994"
      },
      {
        "player_name": "Amit Mishra",
        "player_img_url": "http://iplstatic.s3.amazonaws.com/players/210/30.png",
        "player_role": "Bowler",
        "player_batting_style": "Right-handed",
        "player_bowling_style": "Right-arm leg spin",
        "player_nationality": "Indian",
        "player_dob": "24 November 1982"
      },
      {
        "player_name": "Carlos Barathwaite",
        "player_img_url": "http://iplstatic.s3.amazonaws.com/players/210/2722.png",
        "player_role": "All-rounder",
        "player_batting_style": "Right-handed",
        "player_bowling_style": "Right-arm fast-medium",
        "player_nationality": "West Indian",
        "player_dob": "18 July 1988"
      },
      {
        "player_name": "Chama Milind",
        "player_img_url": "http://iplstatic.s3.amazonaws.com/players/210/1751.png",
        "player_role": "Bowler",
        "player_batting_style": "Left-handed",
        "player_bowling_style": "Left-arm medium",
        "player_nationality": "Indian",
        "player_dob": "04 September 1994"
      },
      {
        "player_name": "Imran Tahir",
        "player_img_url": "http://iplstatic.s3.amazonaws.com/players/210/898.png",
        "player_role": "Bowler",
        "player_batting_style": "Right-handed",
        "player_bowling_style": "Leg-spinner",
        "player_nationality": "South African",
        "player_dob": "27 March 1979"
      },
      {
        "player_name": "Jayant Yadav",
        "player_img_url": "http://iplstatic.s3.amazonaws.com/players/210/1740.png",
        "player_role": "Bowler",
        "player_batting_style": "Right-handed",
        "player_bowling_style": "Right-arm off-spin",
        "player_nationality": "Indian",
        "player_dob": "22 January 1990"
      },
      {
        "player_name": "J P Duminy",
        "player_img_url": "http://iplstatic.s3.amazonaws.com/players/210/182.png",
        "player_role": "Batting All-rounder",
        "player_batting_style": "Left-handed",
        "player_bowling_style": "Right-arm off-spin",
        "player_nationality": "South African",
        "player_dob": "14 April 1984"
      },
      {
        "player_name": "Karun Nair",
        "player_img_url": "http://iplstatic.s3.amazonaws.com/players/210/276.png",
        "player_role": "Batting All-rounder",
        "player_batting_style": "Right-handed",
        "player_bowling_style": "Right-arm off-spin",
        "player_nationality": "Indian",
        "player_dob": "06 December 1991"
      },
      {
        "player_name": "Khaleel Ahemed",
        "player_img_url": "http://iplstatic.s3.amazonaws.com/players/210/2964.png",
        "player_role": "Bowler",
        "player_batting_style": "Right-handed",
        "player_bowling_style": "Left-arm medium pace",
        "player_nationality": "Indian",
        "player_dob": "05 December 1997"
      },
      {
        "player_name": "Mahipal Lomor",
        "player_img_url": "http://iplstatic.s3.amazonaws.com/players/210/2970.png",
        "player_role": "All-rounder",
        "player_batting_style": "Left-handed",
        "player_bowling_style": "Left-arm spin",
        "player_nationality": "Indian",
        "player_dob": "16 November 1999"
      },
      {
        "player_name": "Mayank Agarwal",
        "player_img_url": "http://static2.iplt20.com/players/284/158.png",
        "player_role": "Batsman",
        "player_batting_style": "Right-handed",
        "player_bowling_style": "-",
        "player_nationality": "Indian",
        "player_dob": "18 February 1991"
      },
      {
        "player_name": "Mohammed Shami",
        "player_img_url": "http://iplstatic.s3.amazonaws.com/players/210/94.png",
        "player_role": "Bowler",
        "player_batting_style": "Right-handed",
        "player_bowling_style": "Right-arm medium",
        "player_nationality": "Indian",
        "player_dob": "09 March 1990"
      },
      {
        "player_name": "Nathan Coulter-Nile",
        "player_img_url": "http://iplstatic.s3.amazonaws.com/players/210/840.png",
        "player_role": "Bowler",
        "player_batting_style": "Right-handed",
        "player_bowling_style": "Right-arm fast",
        "player_nationality": "Australian",
        "player_dob": "11 October 1987"
      },
      {
        "player_name": "Pawan Negi",
        "player_img_url": "http://iplstatic.s3.amazonaws.com/players/210/53.png",
        "player_role": "Bowling All-rounder",
        "player_batting_style": "Left-handed",
        "player_bowling_style": "Left-arm orthodox spin",
        "player_nationality": "Indian",
        "player_dob": "06 January 1983"
      },
      {
        "player_name": "Pawan Suyal",
        "player_img_url": "http://iplstatic.s3.amazonaws.com/players/210/105.png",
        "player_role": "Bowler",
        "player_batting_style": "Right-handed",
        "player_bowling_style": "Left-arm medium",
        "player_nationality": "Indian",
        "player_dob": "15 October 1989"
      },
      {
        "player_name": "Pratyush Singh",
        "player_img_url": "http://iplstatic.s3.amazonaws.com/players/210/2731.png",
        "player_role": "Batsman",
        "player_batting_style": "Right-handed",
        "player_bowling_style": "Right-arm leg-break",
        "player_nationality": "Indian",
        "player_dob": "04 September 1994"
      },
      {
        "player_name": "Quinton de Kock",
        "player_img_url": "http://iplstatic.s3.amazonaws.com/players/210/834.png",
        "player_role": "Wicketkeeper batsman",
        "player_batting_style": "Left-handed",
        "player_bowling_style": "-",
        "player_nationality": "South African",
        "player_dob": "17 December 1992"
      },
      {
        "player_name": "Rishabh Pant",
        "player_img_url": "http://static2.iplt20.com/players/284/2972.png",
        "player_role": "Wicketkeeper-batsman",
        "player_batting_style": "Left-handed",
        "player_bowling_style": "Right-arm leg-break",
        "player_nationality": "Indian",
        "player_dob": "04 October 1997"
      },
      {
        "player_name": "Sam Billings",
        "player_img_url": "http://iplstatic.s3.amazonaws.com/players/210/2756.png",
        "player_role": "Wicketkeeper Batsman",
        "player_batting_style": "Right-handed",
        "player_bowling_style": "-",
        "player_nationality": "English",
        "player_dob": "15 June 1991"
      },
      {
        "player_name": "Sanju Samson",
        "player_img_url": "http://iplstatic.s3.amazonaws.com/players/210/258.png",
        "player_role": "Wicketkeeper Batsman",
        "player_batting_style": "Right-handed",
        "player_bowling_style": "-",
        "player_nationality": "Indian",
        "player_dob": "11 November 1994"
      },
      {
        "player_name": "Shahbaz Nadeem",
        "player_img_url": "http://iplstatic.s3.amazonaws.com/players/210/57.png",
        "player_role": "Bowler",
        "player_batting_style": "Left-handed",
        "player_bowling_style": "Left-arm orthodox spin",
        "player_nationality": "Indian",
        "player_dob": "12 August 1989"
      },
      {
        "player_name": "Shreyas Iyer",
        "player_img_url": "http://iplstatic.s3.amazonaws.com/players/210/1563.png",
        "player_role": "Batsman",
        "player_batting_style": "Right-handed",
        "player_bowling_style": "Right-arm off-break",
        "player_nationality": "Indian",
        "player_dob": "06 December 1994"
      },
      {
        "player_name": "Zaheer Khan",
        "player_img_url": "http://iplstatic.s3.amazonaws.com/players/210/165.png",
        "player_role": "Bowler",
        "player_batting_style": "Right-handed",
        "player_bowling_style": "Left-arm medium fast",
        "player_nationality": "Indian",
        "player_dob": "07 October 1978"
      }
    ]
  },
  {
    "team_name": "Gujarat Lions",
    "team_img_url": "gujarat",
    "team_coach": "Brad Hodge",
    "team_captain": "Suresh Raina",
    "team_home_venue": "Saurashtra Cricket Association Stadium",
    "team_owner": "Intex Technologies",
    "team_players": [
      {
        "player_name": "Suresh Raina",
        "player_img_url": "http://static2.iplt20.com/players/284/14.png",
        "player_role": "Batsman",
        "player_batting_style": "left_handed",
        "player_bowling_style": "Right-arm off-spin",
        "player_nationality": "Indian",
        "player_dob": "27 November 1986"
      },
      {
        "player_name": "Aaron Finch",
        "player_img_url": "http://iplstatic.s3.amazonaws.com/players/210/167.png",
        "player_role": "Batsman",
        "player_batting_style": "Right-handed",
        "player_bowling_style": "Left-arm medium",
        "player_nationality": "Australian",
        "player_dob": "17 November 1986"
      },
      {
        "player_name": "Akshdeep Nath",
        "player_img_url": "http://iplstatic.s3.amazonaws.com/players/210/3177.png",
        "player_role": "All-rounder",
        "player_batting_style": "Right-handed",
        "player_bowling_style": "Right-arm medium-fast",
        "player_nationality": "Indian",
        "player_dob": "10 May 1993"
      },
      {
        "player_name": "A Mishra",
        "player_img_url": "http://static2.iplt20.com/players/284/1739.png",
        "player_role": "Bowler",
        "player_batting_style": "Right-handed",
        "player_bowling_style": "Right-arm medium",
        "player_nationality": "Indian",
        "player_dob": "11 November 1991"
      },
      {
        "player_name": "Andrew Tye",
        "player_img_url": "http://iplstatic.s3.amazonaws.com/players/210/1480.png",
        "player_role": "All-rounder",
        "player_batting_style": "Right-handed",
        "player_bowling_style": "Right-arm medium fast",
        "player_nationality": "Australian",
        "player_dob": "12 December 1986"
      },
      {
        "player_name": "Brendon MacCullum",
        "player_img_url": "http://iplstatic.s3.amazonaws.com/players/210/202.png",
        "player_role": "Wicketkeeper batsman",
        "player_batting_style": "Right-handed",
        "player_bowling_style": "Right-arm medium",
        "player_nationality": "New Zealander",
        "player_dob": "27 September 1981"
      },
      {
        "player_name": "Dale Steyn",
        "player_img_url": "http://iplstatic.s3.amazonaws.com/players/210/180.png",
        "player_role": "Bowler",
        "player_batting_style": "Right-handed",
        "player_bowling_style": "Right-arm fast",
        "player_nationality": "South African",
        "player_dob": "27 June 1983"
      },
      {
        "player_name": "Dhawal Kulkarni",
        "player_img_url": "http://iplstatic.s3.amazonaws.com/players/210/101.png",
        "player_role": "Bowler",
        "player_batting_style": "Right-handed",
        "player_bowling_style": "Right-arm medium fast",
        "player_nationality": "Indian",
        "player_dob": "10 December 1988"
      },
      {
        "player_name": "Dinesh Karthik",
        "player_img_url": "http://iplstatic.s3.amazonaws.com/players/210/102.png",
        "player_role": "Wicketkeeper batsman",
        "player_batting_style": "Right-handed",
        "player_bowling_style": "-",
        "player_nationality": "Indian",
        "player_dob": "01 June 1985"
      },
      {
        "player_name": "Dwayne Bravo",
        "player_img_url": "http://iplstatic.s3.amazonaws.com/players/210/25.png",
        "player_role": "All-rounder",
        "player_batting_style": "All-rounder",
        "player_bowling_style": "All-rounder",
        "player_nationality": "West Indian",
        "player_dob": "07 October 1983"
      },
      {
        "player_name": "Dwayne Smith",
        "player_img_url": "http://iplstatic.s3.amazonaws.com/players/210/413.png",
        "player_role": "Batting All-rounder",
        "player_batting_style": "Right-handed",
        "player_bowling_style": "Right-arm medium",
        "player_nationality": "West Indian",
        "player_dob": "12 April 1983"
      },
      {
        "player_name": "Eklavya Dwivedi",
        "player_img_url": "http://static2.iplt20.com/players/284/118.png",
        "player_role": "Wicketkeeper batsman",
        "player_batting_style": "Right-handed",
        "player_bowling_style": "-",
        "player_nationality": "Indian",
        "player_dob": "22 July 1988"
      },
      {
        "player_name": "Ishan Kishan",
        "player_img_url": "http://static2.iplt20.com/players/284/2975.png",
        "player_role": "-",
        "player_batting_style": "-",
        "player_bowling_style": "-",
        "player_nationality": "Indian",
        "player_dob": "18 July 1998"
      },
      {
        "player_name": "James Faulkener",
        "player_img_url": "http://static2.iplt20.com/players/284/193.png",
        "player_role": "All-rounder",
        "player_batting_style": "All-rounder",
        "player_bowling_style": "All-rounder",
        "player_nationality": "Australian",
        "player_dob": "29 April 1990"
      },
      {
        "player_name": "Jaydev Shah",
        "player_img_url": "http://iplstatic.s3.amazonaws.com/players/210/265.png",
        "player_role": "Batsman",
        "player_batting_style": "Left-handed",
        "player_bowling_style": "Right-arm off-spin",
        "player_nationality": "Indian",
        "player_dob": "04 May 1983"
      },
      {
        "player_name": "Paras Dogra",
        "player_img_url": "http://iplstatic.s3.amazonaws.com/players/210/74.png",
        "player_role": "Batsman",
        "player_batting_style": "Right-handed",
        "player_bowling_style": "Right-arm leg spin",
        "player_nationality": "Indian",
        "player_dob": "19 November 1984"
      },
      {
        "player_name": "Pradeep Sangwan",
        "player_img_url": "http://iplstatic.s3.amazonaws.com/players/210/91.png",
        "player_role": "Bowler",
        "player_batting_style": "Right-handed",
        "player_bowling_style": "Left-arm medium fast",
        "player_nationality": "Indian",
        "player_dob": "05 November 1990"
      },
      {
        "player_name": "Praveen Kumar",
        "player_img_url": "http://iplstatic.s3.amazonaws.com/players/210/77.png",
        "player_role": "Bowler",
        "player_batting_style": "Right-handed",
        "player_bowling_style": "Right-arm medium",
        "player_nationality": "Indian",
        "player_dob": "02 October 1986"
      },
      {
        "player_name": "Pravin Tambe",
        "player_img_url": "http://static2.iplt20.com/players/284/1114.png",
        "player_role": "All-rounder",
        "player_batting_style": "Right-handed",
        "player_bowling_style": "Right-arm leg spin",
        "player_nationality": "Indian",
        "player_dob": "08 October 1971"
      },
      {
        "player_name": "Ravindra Jadeja",
        "player_img_url": "http://static2.iplt20.com/players/284/9.png",
        "player_role": "All-rounder",
        "player_batting_style": "Left-handed",
        "player_bowling_style": "Left-arm orthodox spin",
        "player_nationality": "Indian",
        "player_dob": "06 December 1988"
      },
      {
        "player_name": "Sarabjit Ladda",
        "player_img_url": "http://iplstatic.s3.amazonaws.com/players/210/93.png",
        "player_role": "Bowler",
        "player_batting_style": "Right-handed",
        "player_bowling_style": "Right-arm leg spin",
        "player_nationality": "Indian",
        "player_dob": "10 July 1986"
      },
      {
        "player_name": "Shadab Jakati",
        "player_img_url": "http://iplstatic.s3.amazonaws.com/players/210/10.png",
        "player_role": "Bowler",
        "player_batting_style": "Left-handed",
        "player_bowling_style": "Left-arm orthodox spin",
        "player_nationality": "Indian",
        "player_dob": "27 November 1980"
      },
      {
        "player_name": "Shivil Kaushik",
        "player_img_url": "http://static2.iplt20.com/players/284/3178.png",
        "player_role": "Bowler",
        "player_batting_style": "Left-handed",
        "player_bowling_style": "-",
        "player_nationality": "Indian",
        "player_dob": "09 July 1995"
      },
      {
        "player_name": "Umang Sharma",
        "player_img_url": "http://static2.iplt20.com/players/284/3179.png",
        "player_role": "-",
        "player_batting_style": "-",
        "player_bowling_style": "-",
        "player_nationality": "Indian",
        "player_dob": "20 October 1989"
      }
    ]
  },
  {
    "team_name": "Kings XI Punjab",
    "team_img_url": "punjab",
    "team_coach": "Sanjay Bangar",
    "team_captain": "Murali Vijay",
    "team_home_venue": "IS Bindra Stadium",
    "team_owner": "KPH Dream Cricket Private Limited",
    "team_players": [
      {
        "player_name": "Akhil Herwadkar",
        "player_img_url": "qwert",
        "player_role": "Batsman",
        "player_batting_style": "left_handed",
        "player_bowling_style": "Off-spin and medium pace",
        "player_nationality": "Indian",
        "player_dob": "31 October 1994"
      },
      {
        "player_name": "Amit Mishra",
        "player_img_url": "qwert",
        "player_role": "Bowler",
        "player_batting_style": "Right-handed",
        "player_bowling_style": "Right-arm leg spin",
        "player_nationality": "Indian",
        "player_dob": "24 November 1982"
      },
      {
        "player_name": "Carlos Barathwaite",
        "player_img_url": "qwert",
        "player_role": "All-rounder",
        "player_batting_style": "Right-handed",
        "player_bowling_style": "Right-arm fast-medium",
        "player_nationality": "West Indian",
        "player_dob": "18 July 1988"
      },
      {
        "player_name": "Chama Milind",
        "player_img_url": "qwert",
        "player_role": "Bowler",
        "player_batting_style": "Left-handed",
        "player_bowling_style": "Left-arm medium",
        "player_nationality": "Indian",
        "player_dob": "04 September 1994"
      },
      {
        "player_name": "Imran Tahir",
        "player_img_url": "http://iplstatic.s3.amazonaws.com/players/210/898.png",
        "player_role": "Bowler",
        "player_batting_style": "Right-handed",
        "player_bowling_style": "Leg-spinner",
        "player_nationality": "South African",
        "player_dob": "27 March 1979"
      },
      {
        "player_name": "Jayant Yadav",
        "player_img_url": "qwert",
        "player_role": "Bowler",
        "player_batting_style": "Right-handed",
        "player_bowling_style": "Right-arm off-spin",
        "player_nationality": "Indian",
        "player_dob": "22 January 1990"
      },
      {
        "player_name": "J P Duminy",
        "player_img_url": "qwert",
        "player_role": "Batting All-rounder",
        "player_batting_style": "Left-handed",
        "player_bowling_style": "Right-arm off-spin",
        "player_nationality": "South African",
        "player_dob": "14 April 1984"
      },
      {
        "player_name": "Karun Nair",
        "player_img_url": "qwert",
        "player_role": "Batting All-rounder",
        "player_batting_style": "Right-handed",
        "player_bowling_style": "Right-arm off-spin",
        "player_nationality": "Indian",
        "player_dob": "06 December 1991"
      },
      {
        "player_name": "Khaleel Ahemed",
        "player_img_url": "qwert",
        "player_role": "Bowler",
        "player_batting_style": "Right-handed",
        "player_bowling_style": "Left-arm medium pace",
        "player_nationality": "Indian",
        "player_dob": "05 December 1997"
      },
      {
        "player_name": "Mahipal Lomor",
        "player_img_url": "qwert",
        "player_role": "All-rounder",
        "player_batting_style": "Left-handed",
        "player_bowling_style": "Left-arm spin",
        "player_nationality": "Indian",
        "player_dob": "16 November 1999"
      },
      {
        "player_name": "Mayank Agarwal",
        "player_img_url": "qwert",
        "player_role": "Batsman",
        "player_batting_style": "Right-handed",
        "player_bowling_style": "-",
        "player_nationality": "Indian",
        "player_dob": "18 February 1991"
      },
      {
        "player_name": "Mohammed Shami",
        "player_img_url": "http://iplstatic.s3.amazonaws.com/players/210/94.png",
        "player_role": "Bowler",
        "player_batting_style": "Right-handed",
        "player_bowling_style": "Right-arm medium",
        "player_nationality": "Indian",
        "player_dob": "09 March 1990"
      },
      {
        "player_name": "Nathan Coulter-Nile",
        "player_img_url": "http://iplstatic.s3.amazonaws.com/players/210/840.png",
        "player_role": "Bowler",
        "player_batting_style": "Right-handed",
        "player_bowling_style": "Right-arm fast",
        "player_nationality": "Australian",
        "player_dob": "11 October 1987"
      },
      {
        "player_name": "Pawan Negi",
        "player_img_url": "qwert",
        "player_role": "Bowling All-rounder",
        "player_batting_style": "Left-handed",
        "player_bowling_style": "Left-arm orthodox spin",
        "player_nationality": "Indian",
        "player_dob": "06 January 1983"
      },
      {
        "player_name": "Pawan Suyal",
        "player_img_url": "qwert",
        "player_role": "Bowler",
        "player_batting_style": "Right-handed",
        "player_bowling_style": "Left-arm medium",
        "player_nationality": "Indian",
        "player_dob": "15 October 1989"
      },
      {
        "player_name": "Pratyush Singh",
        "player_img_url": "qwert",
        "player_role": "Batsman",
        "player_batting_style": "Right-handed",
        "player_bowling_style": "Right-arm leg-break",
        "player_nationality": "Indian",
        "player_dob": "04 September 1994"
      },
      {
        "player_name": "Quinton de Kock",
        "player_img_url": "qwert",
        "player_role": "Wicketkeeper batsman",
        "player_batting_style": "Left-handed",
        "player_bowling_style": "-",
        "player_nationality": "South African",
        "player_dob": "17 December 1992"
      },
      {
        "player_name": "Rishabh Pant",
        "player_img_url": "qwert",
        "player_role": "Wicketkeeper-batsman",
        "player_batting_style": "Left-handed",
        "player_bowling_style": "Right-arm leg-break",
        "player_nationality": "Indian",
        "player_dob": "04 October 1997"
      },
      {
        "player_name": "Sam Billings",
        "player_img_url": "qwert",
        "player_role": "Wicketkeeper Batsman",
        "player_batting_style": "Right-handed",
        "player_bowling_style": "-",
        "player_nationality": "English",
        "player_dob": "15 June 1991"
      },
      {
        "player_name": "Sanju Samson",
        "player_img_url": "qwert",
        "player_role": "Wicketkeeper Batsman",
        "player_batting_style": "Right-handed",
        "player_bowling_style": "-",
        "player_nationality": "Indian",
        "player_dob": "11 November 1994"
      },
      {
        "player_name": "Shahbaz Nadeem",
        "player_img_url": "qwert",
        "player_role": "Bowler",
        "player_batting_style": "Left-handed",
        "player_bowling_style": "Left-arm orthodox spin",
        "player_nationality": "Indian",
        "player_dob": "12 August 1989"
      },
      {
        "player_name": "Shreyas Iyer",
        "player_img_url": "qwert",
        "player_role": "Batsman",
        "player_batting_style": "Right-handed",
        "player_bowling_style": "Right-arm off-break",
        "player_nationality": "Indian",
        "player_dob": "06 December 1994"
      },
      {
        "player_name": "Zaheer Khan",
        "player_img_url": "qwert",
        "player_role": "Bowler",
        "player_batting_style": "Right-handed",
        "player_bowling_style": "Left-arm medium fast",
        "player_nationality": "Indian",
        "player_dob": "07 October 1978"
      }
    ]
  },
  {
    "team_name": "Kolkata Knight Riders",
    "team_img_url": "kolkata",
    "team_coach": "Jacques Kallis",
    "team_captain": "Gautam Gambhir",
    "team_home_venue": "Eden Gardens",
    "team_owner": "Knight Riders Sports Private Ltd",
    "team_players": [
      {
        "player_name": "Gautam Gambhir",
        "player_img_url": "http://static2.iplt20.com/players/284/84.png",
        "player_role": "Batsman",
        "player_batting_style": "left_handed",
        "player_bowling_style": "Right-arm leg spin",
        "player_nationality": "Indian",
        "player_dob": "14 October 1981"
      },
      {
        "player_name": "Andre Russell",
        "player_img_url": "http://static2.iplt20.com/players/284/177.png",
        "player_role": "All-rounder",
        "player_batting_style": "Right-handed",
        "player_bowling_style": "Right-arm fast",
        "player_nationality": "West Indian",
        "player_dob": "29 April 1988"
      },
      {
        "player_name": "Ankit Rajpoot",
        "player_img_url": "http://static2.iplt20.com/players/284/1106.png",
        "player_role": "Bowler",
        "player_batting_style": "Right-handed",
        "player_bowling_style": "Right-arm medium",
        "player_nationality": "Indian",
        "player_dob": "04 December 1993"
      },
      {
        "player_name": "Brad Hogg",
        "player_img_url": "http://static2.iplt20.com/players/284/231.png",
        "player_role": "All-rounder",
        "player_batting_style": "Left-handed",
        "player_bowling_style": "Left-arm chinaman",
        "player_nationality": "Australian",
        "player_dob": "06 February 1971"
      },
      {
        "player_name": "Chris Lynn",
        "player_img_url": "qwert",
        "player_role": "Batsman",
        "player_batting_style": "Right-handed",
        "player_bowling_style": "Left-arm orthodox spin",
        "player_nationality": "Australian",
        "player_dob": "10 April 1990"
      },
      {
        "player_name": "Colin Munro",
        "player_img_url": "http://static2.iplt20.com/players/284/773.png",
        "player_role": "Batsmen",
        "player_batting_style": "Left-handed",
        "player_bowling_style": "Right arm medium",
        "player_nationality": "New Zealander",
        "player_dob": "11 March 1987"
      },
      {
        "player_name": "Jason Holder",
        "player_img_url": "http://static2.iplt20.com/players/284/1075.png",
        "player_role": "All-rounder",
        "player_batting_style": "Right-hand bat",
        "player_bowling_style": "Right-arm medium fast",
        "player_nationality": "West Indian",
        "player_dob": "05 November 1991"
      },
      {
        "player_name": "Jaydev Unadkat",
        "player_img_url": "http://static2.iplt20.com/players/284/86.png",
        "player_role": "Bowler",
        "player_batting_style": "Left-handed",
        "player_bowling_style": "Left-arm medium fast",
        "player_nationality": "Indian",
        "player_dob": "18 October 1991"
      },
      {
        "player_name": "John Hastings",
        "player_img_url": "http://static2.iplt20.com/players/284/748.png",
        "player_role": "All-rounder",
        "player_batting_style": "Right-handed",
        "player_bowling_style": "Right-arm medium",
        "player_nationality": "Australian",
        "player_dob": "04 November 1985"
      },
      {
        "player_name": "Kuldeep Yadav",
        "player_img_url": "http://static2.iplt20.com/players/284/261.png",
        "player_role": "All-rounder",
        "player_batting_style": "Left-handed",
        "player_bowling_style": "Left-arm orthodox spin",
        "player_nationality": "Indian",
        "player_dob": "14 December 1994"
      },
      {
        "player_name": "Manan Sharma",
        "player_img_url": "http://static2.iplt20.com/players/284/3181.png",
        "player_role": "All -rounder",
        "player_batting_style": "Left-handed",
        "player_bowling_style": "left-arm spin",
        "player_nationality": "Indian",
        "player_dob": "19 March 1991"
      },
      {
        "player_name": "Manish Pandey",
        "player_img_url": "http://static2.iplt20.com/players/284/123.png",
        "player_role": "Batsman",
        "player_batting_style": "Right-handed",
        "player_bowling_style": "Right-arm off-spin",
        "player_nationality": "Indian",
        "player_dob": "10 September 1989"
      },
      {
        "player_name": "Morne Morkel",
        "player_img_url": "http://static2.iplt20.com/players/284/169.png",
        "player_role": "Bowler",
        "player_batting_style": "Left-handed",
        "player_bowling_style": "Right-arm fast",
        "player_nationality": "South African",
        "player_dob": "06 October 1984"
      },
      {
        "player_name": "Piyush Chawla",
        "player_img_url": "http://static2.iplt20.com/players/284/76.png",
        "player_role": "Bowling All-rounder",
        "player_batting_style": "Right-handed",
        "player_bowling_style": "Right-arm leg spin",
        "player_nationality": "Indian",
        "player_dob": "24 December 1988"
      },
      {
        "player_name": "Rajagopal Sathish",
        "player_img_url": "http://static2.iplt20.com/players/284/78.png",
        "player_role": "All-rounder",
        "player_batting_style": "Right-handed",
        "player_bowling_style": "Right-arm medium",
        "player_nationality": "Indian",
        "player_dob": "14 January 1981"
      },
      {
        "player_name": "Robin Uthappa",
        "player_img_url": "http://static2.iplt20.com/players/284/127.png",
        "player_role": "Batsman",
        "player_batting_style": "Right-handed",
        "player_bowling_style": "Right-arm medium",
        "player_nationality": "Indian",
        "player_dob": "11 November 1985"
      },
      {
        "player_name": "Shakib Al Hasan",
        "player_img_url": "http://static2.iplt20.com/players/284/201.png",
        "player_role": "All-rounder",
        "player_batting_style": "Left-handed",
        "player_bowling_style": "Left-arm orthodox spin",
        "player_nationality": "Bangladeshi",
        "player_dob": "24 March 1987"
      },
      {
        "player_name": "Sheldon Jackson",
        "player_img_url": "http://static2.iplt20.com/players/284/1116.png",
        "player_role": "Wicketkeeper-batsman",
        "player_batting_style": "Right-handed",
        "player_bowling_style": "-",
        "player_nationality": "Indian",
        "player_dob": "27 September 1986"
      },
      {
        "player_name": "Sunil Narine",
        "player_img_url": "qwert",
        "player_role": "Bowler",
        "player_batting_style": "Left-handed",
        "player_bowling_style": "Right-arm off-spin",
        "player_nationality": "West Indian",
        "player_dob": "26 May 1988"
      },
      {
        "player_name": "Suryakumar Yadav",
        "player_img_url": "http://static2.iplt20.com/players/284/108.png",
        "player_role": "Batsman",
        "player_batting_style": "Right-handed",
        "player_bowling_style": "Right-arm medium",
        "player_nationality": "Indian",
        "player_dob": "14 September 1990"
      },
      {
        "player_name": "Umesh Yadav",
        "player_img_url": "http://static2.iplt20.com/players/284/59.png",
        "player_role": "Bowler",
        "player_batting_style": "Right-handed",
        "player_bowling_style": "Right-arm medium fast",
        "player_nationality": "Indian",
        "player_dob": "25 October 1987"
      },
      {
        "player_name": "Yusuf Pathan",
        "player_img_url": "http://static2.iplt20.com/players/284/96.png",
        "player_role": "Batsman",
        "player_batting_style": "Right-handed",
        "player_bowling_style": "Right-arm off-spin",
        "player_nationality": "Indian",
        "player_dob": "17 November 1982"
      }
    ]
  },
  {
    "team_name": "Mumbai Indians",
    "team_img_url": "mumbai",
    "team_coach": "Ricky Ponting",
    "team_captain": "Rohit Sharma",
    "team_home_venue": "Wankhede Stadium",
    "team_owner": "Indiawin Sports Pvt. Ltd",
    "team_players": [
      {
        "player_name": "Rohit Sharma",
        "player_img_url": "http://static2.iplt20.com/players/284/107.png",
        "player_role": "Batsman",
        "player_batting_style": "Right-handed",
        "player_bowling_style": "Right-arm off-spin",
        "player_nationality": "Indian",
        "player_dob": "30 April 1987"
      },
      {
        "player_name": "Akshay Wakhare",
        "player_img_url": "http://iplstatic.s3.amazonaws.com/players/210/Photo-Missing.png",
        "player_role": "Bowler",
        "player_batting_style": "Right-handed",
        "player_bowling_style": "Right-arm off-break",
        "player_nationality": "Indian",
        "player_dob": "03 October 1985"
      },
      {
        "player_name": "Ambati Rayudu",
        "player_img_url": "http://iplstatic.s3.amazonaws.com/players/210/100.png",
        "player_role": "Wicketkeeper batsman",
        "player_batting_style": "Right-handed",
        "player_bowling_style": "Right-arm off-spin",
        "player_nationality": "Indian",
        "player_dob": "23 September 1985"
      },
      {
        "player_name": "Corey Anderson",
        "player_img_url": "http://static2.iplt20.com/players/284/968.png",
        "player_role": "All-rounder",
        "player_batting_style": "Left-handed",
        "player_bowling_style": "Left-arm medium fast",
        "player_nationality": "New Zealander",
        "player_dob": "13 December 1990"
      },
      {
        "player_name": "Deepak Punia",
        "player_img_url": "http://static2.iplt20.com/players/284/3184.png",
        "player_role": "Bowler",
        "player_batting_style": "Right-handed",
        "player_bowling_style": "Right-arm medium",
        "player_nationality": "Indian",
        "player_dob": "27 September 1993"
      },
      {
        "player_name": "Harbhajan Singh",
        "player_img_url": "http://static2.iplt20.com/players/284/103.png",
        "player_role": "Bowling All-rounder",
        "player_batting_style": "Right-handed",
        "player_bowling_style": "Right-arm off-spin",
        "player_nationality": "Indian",
        "player_dob": "03 July 1980"
      },
      {
        "player_name": "Hardik Pandya",
        "player_img_url": "http://static2.iplt20.com/players/284/2740.png",
        "player_role": "All-rounder",
        "player_batting_style": "Right-hand",
        "player_bowling_style": "Right-arm medium fast",
        "player_nationality": "Indian",
        "player_dob": "11 October 1993"
      },
      {
        "player_name": "Jagadeesha Suchith",
        "player_img_url": "http://static2.iplt20.com/players/284/2741.png",
        "player_role": "Bowler",
        "player_batting_style": "Left-hand",
        "player_bowling_style": "Slow left-arm orthodox",
        "player_nationality": "Indian",
        "player_dob": "16 January 1994"
      },
      {
        "player_name": "Jasprit Bumrah",
        "player_img_url": "http://static2.iplt20.com/players/284/1124.png",
        "player_role": "Bowler",
        "player_batting_style": "Right-handed",
        "player_bowling_style": "Right-arm medium",
        "player_nationality": "Indian",
        "player_dob": "06 December 1993"
      },
      {
        "player_name": "Jitesh Sharma",
        "player_img_url": "http://static2.iplt20.com/players/284/3185.png",
        "player_role": "Wicketkeeper-batsman",
        "player_batting_style": "Right-handed",
        "player_bowling_style": "-",
        "player_nationality": "Indian",
        "player_dob": "22 October 1993"
      },
      {
        "player_name": "Jerome Taylor",
        "player_img_url": "http://static2.iplt20.com/players/284/1841.png",
        "player_role": "Bowler",
        "player_batting_style": "Right-handed",
        "player_bowling_style": "Right-arm fast",
        "player_nationality": "West Indian",
        "player_dob": "22 June 1984"
      },
      {
        "player_name": "Jos Buttler",
        "player_img_url": "http://static2.iplt20.com/players/284/509.png",
        "player_role": "Wicketkeeper-batsman",
        "player_batting_style": "Right-handed",
        "player_bowling_style": "-",
        "player_nationality": "English",
        "player_dob": "08 September 1990"
      },
      {
        "player_name": "Kieron Pollard",
        "player_img_url": "http://static2.iplt20.com/players/284/210.png",
        "player_role": "All-rounder",
        "player_batting_style": "Right-handed",
        "player_bowling_style": "Right-arm medium",
        "player_nationality": "West Indian",
        "player_dob": "12 May 1987"
      },
      {
        "player_name": "Kishore Kamath",
        "player_img_url": "http://static2.iplt20.com/players/284/3182.png",
        "player_role": "All-rounder",
        "player_batting_style": "Right-handed",
        "player_bowling_style": "Right-arm leg spin",
        "player_nationality": "Indian",
        "player_dob": "31 January 1995"
      },
      {
        "player_name": "Krunal Pandya",
        "player_img_url": "http://static2.iplt20.com/players/284/3183.png",
        "player_role": "All-rounder",
        "player_batting_style": "Left-handed",
        "player_bowling_style": "Left-arm orthodox",
        "player_nationality": "Indian",
        "player_dob": "24 March 1991"
      },
      {
        "player_name": "Lasith Malinga",
        "player_img_url": "http://iplstatic.s3.amazonaws.com/players/210/Photo-Missing.png",
        "player_role": "Bowler",
        "player_batting_style": "Right-handed",
        "player_bowling_style": "Right-arm fast",
        "player_nationality": "Sri Lankan",
        "player_dob": "28 August 1983"
      },
      {
        "player_name": "Lendl Simmons",
        "player_img_url": "http://static2.iplt20.com/players/284/595.png",
        "player_role": "Batsman",
        "player_batting_style": "Right-handed",
        "player_bowling_style": "Right-arm medium-fast",
        "player_nationality": "West Indian",
        "player_dob": "25 January 1985"
      },
      {
        "player_name": "Marchant de Lange",
        "player_img_url": "http://static2.iplt20.com/players/284/204.png",
        "player_role": "Bowler",
        "player_batting_style": "Right-handed",
        "player_bowling_style": "Right-arm medium fast",
        "player_nationality": "South African",
        "player_dob": "13 October 1990"
      },
      {
        "player_name": "Mitchell McClenaghan",
        "player_img_url": "http://static2.iplt20.com/players/284/730.png",
        "player_role": "Bowler",
        "player_batting_style": "Left-handed",
        "player_bowling_style": "Left-arm medium-fast",
        "player_nationality": "New Zealander",
        "player_dob": "11 June 1986"
      },
      {
        "player_name": "Martin Guptill",
        "player_img_url": "http://iplstatic.s3.amazonaws.com/players/210/431.png",
        "player_role": "Bowler",
        "player_batting_style": "Left-handed",
        "player_bowling_style": "Left-arm medium-fast",
        "player_nationality": "New Zealander",
        "player_dob": "11 June 1986"
      },
      {
        "player_name": "Nathu Singh",
        "player_img_url": "http://iplstatic.s3.amazonaws.com/players/210/3186.png",
        "player_role": "Bowler",
        "player_batting_style": "-",
        "player_bowling_style": "-",
        "player_nationality": "Indian",
        "player_dob": "12 August 1989"
      },
      {
        "player_name": "Nitish Rana",
        "player_img_url": "http://static2.iplt20.com/players/284/2738.png",
        "player_role": "Batsman",
        "player_batting_style": "Left-handed",
        "player_bowling_style": "Right-arm off-break",
        "player_nationality": "Indian",
        "player_dob": "27 December 1993"
      },
      {
        "player_name": "Parthiv Patel",
        "player_img_url": "http://static2.iplt20.com/players/284/44.png",
        "player_role": "Wicketkeeper batsman",
        "player_batting_style": "Left-handed",
        "player_bowling_style": "-",
        "player_nationality": "Indian",
        "player_dob": "09 March 1985"
      },
      {
        "player_name": "Shreyas Gopal",
        "player_img_url": "http://iplstatic.s3.amazonaws.com/players/210/1748.png",
        "player_role": "All-rounder",
        "player_batting_style": "Right-handed",
        "player_bowling_style": "Right-arm leg spin",
        "player_nationality": "Indian",
        "player_dob": "04 September 1993"
      },
      {
        "player_name": "Siddhesh Lad",
        "player_img_url": "http://iplstatic.s3.amazonaws.com/players/210/2739.png",
        "player_role": "Batsman",
        "player_batting_style": "Right-handed",
        "player_bowling_style": "RIght-arm off-spin",
        "player_nationality": "Indian",
        "player_dob": "23 May 1992"
      },
      {
        "player_name": "Tim Southee",
        "player_img_url": "http://static2.iplt20.com/players/284/307.png",
        "player_role": "Bowler",
        "player_batting_style": "Right-handed",
        "player_bowling_style": "Right-arm medium fast",
        "player_nationality": "New Zealander",
        "player_dob": "11 December 1988"
      },
      {
        "player_name": "Unmukt Chand",
        "player_img_url": "http://static2.iplt20.com/players/284/60.png",
        "player_role": "Batsman",
        "player_batting_style": "Right-handed",
        "player_bowling_style": "Right-arm off-spin",
        "player_nationality": "Indian",
        "player_dob": "26 March 1993"
      },
      {
        "player_name": "Vinay Kumar",
        "player_img_url": "http://iplstatic.s3.amazonaws.com/players/210/166.png",
        "player_role": "Bowler",
        "player_batting_style": "Right-handed",
        "player_bowling_style": "Right-arm medium fast",
        "player_nationality": "Indian",
        "player_dob": "12 February 1984"
      }
    ]
  },
  {
    "team_name": "Rising Pune Supergiants",
    "team_img_url": "pune",
    "team_coach": "Stephen Fleming",
    "team_captain": "MS Dhoni",
    "team_home_venue": "Maharashtra Cricket Association's International Stadium",
    "team_owner": "RPSG Group",
    "team_players": [
      {
        "player_name": "Akhil Herwadkar",
        "player_img_url": "qwert",
        "player_role": "Batsman",
        "player_batting_style": "left_handed",
        "player_bowling_style": "Off-spin and medium pace",
        "player_nationality": "Indian",
        "player_dob": "31 October 1994"
      },
      {
        "player_name": "Amit Mishra",
        "player_img_url": "qwert",
        "player_role": "Bowler",
        "player_batting_style": "Right-handed",
        "player_bowling_style": "Right-arm leg spin",
        "player_nationality": "Indian",
        "player_dob": "24 November 1982"
      },
      {
        "player_name": "Carlos Barathwaite",
        "player_img_url": "qwert",
        "player_role": "All-rounder",
        "player_batting_style": "Right-handed",
        "player_bowling_style": "Right-arm fast-medium",
        "player_nationality": "West Indian",
        "player_dob": "18 July 1988"
      },
      {
        "player_name": "Chama Milind",
        "player_img_url": "qwert",
        "player_role": "Bowler",
        "player_batting_style": "Left-handed",
        "player_bowling_style": "Left-arm medium",
        "player_nationality": "Indian",
        "player_dob": "04 September 1994"
      },
      {
        "player_name": "Imran Tahir",
        "player_img_url": "qwert",
        "player_role": "Bowler",
        "player_batting_style": "Right-handed",
        "player_bowling_style": "Leg-spinner",
        "player_nationality": "South African",
        "player_dob": "27 March 1979"
      },
      {
        "player_name": "Jayant Yadav",
        "player_img_url": "qwert",
        "player_role": "Bowler",
        "player_batting_style": "Right-handed",
        "player_bowling_style": "Right-arm off-spin",
        "player_nationality": "Indian",
        "player_dob": "22 January 1990"
      },
      {
        "player_name": "J P Duminy",
        "player_img_url": "qwert",
        "player_role": "Batting All-rounder",
        "player_batting_style": "Left-handed",
        "player_bowling_style": "Right-arm off-spin",
        "player_nationality": "South African",
        "player_dob": "14 April 1984"
      },
      {
        "player_name": "Karun Nair",
        "player_img_url": "qwert",
        "player_role": "Batting All-rounder",
        "player_batting_style": "Right-handed",
        "player_bowling_style": "Right-arm off-spin",
        "player_nationality": "Indian",
        "player_dob": "06 December 1991"
      },
      {
        "player_name": "Khaleel Ahemed",
        "player_img_url": "qwert",
        "player_role": "Bowler",
        "player_batting_style": "Right-handed",
        "player_bowling_style": "Left-arm medium pace",
        "player_nationality": "Indian",
        "player_dob": "05 December 1997"
      },
      {
        "player_name": "Mahipal Lomor",
        "player_img_url": "qwert",
        "player_role": "All-rounder",
        "player_batting_style": "Left-handed",
        "player_bowling_style": "Left-arm spin",
        "player_nationality": "Indian",
        "player_dob": "16 November 1999"
      },
      {
        "player_name": "Mayank Agarwal",
        "player_img_url": "qwert",
        "player_role": "Batsman",
        "player_batting_style": "Right-handed",
        "player_bowling_style": "-",
        "player_nationality": "Indian",
        "player_dob": "18 February 1991"
      },
      {
        "player_name": "Mohammed Shami",
        "player_img_url": "qwert",
        "player_role": "Bowler",
        "player_batting_style": "Right-handed",
        "player_bowling_style": "Right-arm medium",
        "player_nationality": "Indian",
        "player_dob": "09 March 1990"
      },
      {
        "player_name": "Nathan Coulter-Nile",
        "player_img_url": "qwert",
        "player_role": "Bowler",
        "player_batting_style": "Right-handed",
        "player_bowling_style": "Right-arm fast",
        "player_nationality": "Australian",
        "player_dob": "11 October 1987"
      },
      {
        "player_name": "Pawan Negi",
        "player_img_url": "qwert",
        "player_role": "Bowling All-rounder",
        "player_batting_style": "Left-handed",
        "player_bowling_style": "Left-arm orthodox spin",
        "player_nationality": "Indian",
        "player_dob": "06 January 1983"
      },
      {
        "player_name": "Pawan Suyal",
        "player_img_url": "qwert",
        "player_role": "Bowler",
        "player_batting_style": "Right-handed",
        "player_bowling_style": "Left-arm medium",
        "player_nationality": "Indian",
        "player_dob": "15 October 1989"
      },
      {
        "player_name": "Pratyush Singh",
        "player_img_url": "qwert",
        "player_role": "Batsman",
        "player_batting_style": "Right-handed",
        "player_bowling_style": "Right-arm leg-break",
        "player_nationality": "Indian",
        "player_dob": "04 September 1994"
      },
      {
        "player_name": "Quinton de Kock",
        "player_img_url": "qwert",
        "player_role": "Wicketkeeper batsman",
        "player_batting_style": "Left-handed",
        "player_bowling_style": "-",
        "player_nationality": "South African",
        "player_dob": "17 December 1992"
      },
      {
        "player_name": "Rishabh Pant",
        "player_img_url": "qwert",
        "player_role": "Wicketkeeper-batsman",
        "player_batting_style": "Left-handed",
        "player_bowling_style": "Right-arm leg-break",
        "player_nationality": "Indian",
        "player_dob": "04 October 1997"
      },
      {
        "player_name": "Sam Billings",
        "player_img_url": "qwert",
        "player_role": "Wicketkeeper Batsman",
        "player_batting_style": "Right-handed",
        "player_bowling_style": "-",
        "player_nationality": "English",
        "player_dob": "15 June 1991"
      },
      {
        "player_name": "Sanju Samson",
        "player_img_url": "qwert",
        "player_role": "Wicketkeeper Batsman",
        "player_batting_style": "Right-handed",
        "player_bowling_style": "-",
        "player_nationality": "Indian",
        "player_dob": "11 November 1994"
      },
      {
        "player_name": "Shahbaz Nadeem",
        "player_img_url": "qwert",
        "player_role": "Bowler",
        "player_batting_style": "Left-handed",
        "player_bowling_style": "Left-arm orthodox spin",
        "player_nationality": "Indian",
        "player_dob": "12 August 1989"
      },
      {
        "player_name": "Shreyas Iyer",
        "player_img_url": "qwert",
        "player_role": "Batsman",
        "player_batting_style": "Right-handed",
        "player_bowling_style": "Right-arm off-break",
        "player_nationality": "Indian",
        "player_dob": "06 December 1994"
      },
      {
        "player_name": "Zaheer Khan",
        "player_img_url": "qwert",
        "player_role": "Bowler",
        "player_batting_style": "Right-handed",
        "player_bowling_style": "Left-arm medium fast",
        "player_nationality": "Indian",
        "player_dob": "07 October 1978"
      }
    ]
  },
  {
    "team_name": "Royal Challengers Bangalore",
    "team_img_url": "bangalore",
    "team_coach": "Daniel Vettori",
    "team_captain": "Virat Kohli",
    "team_home_venue": "M. Chinnaswamy Stadium",
    "team_owner": "Royal Challengers Sports Private Ltd",
    "team_players": [
      {
        "player_name": "Akhil Herwadkar",
        "player_img_url": "qwert",
        "player_role": "Batsman",
        "player_batting_style": "left_handed",
        "player_bowling_style": "Off-spin and medium pace",
        "player_nationality": "Indian",
        "player_dob": "31 October 1994"
      },
      {
        "player_name": "Amit Mishra",
        "player_img_url": "qwert",
        "player_role": "Bowler",
        "player_batting_style": "Right-handed",
        "player_bowling_style": "Right-arm leg spin",
        "player_nationality": "Indian",
        "player_dob": "24 November 1982"
      },
      {
        "player_name": "Carlos Barathwaite",
        "player_img_url": "qwert",
        "player_role": "All-rounder",
        "player_batting_style": "Right-handed",
        "player_bowling_style": "Right-arm fast-medium",
        "player_nationality": "West Indian",
        "player_dob": "18 July 1988"
      },
      {
        "player_name": "Chama Milind",
        "player_img_url": "qwert",
        "player_role": "Bowler",
        "player_batting_style": "Left-handed",
        "player_bowling_style": "Left-arm medium",
        "player_nationality": "Indian",
        "player_dob": "04 September 1994"
      },
      {
        "player_name": "Imran Tahir",
        "player_img_url": "qwert",
        "player_role": "Bowler",
        "player_batting_style": "Right-handed",
        "player_bowling_style": "Leg-spinner",
        "player_nationality": "South African",
        "player_dob": "27 March 1979"
      },
      {
        "player_name": "Jayant Yadav",
        "player_img_url": "qwert",
        "player_role": "Bowler",
        "player_batting_style": "Right-handed",
        "player_bowling_style": "Right-arm off-spin",
        "player_nationality": "Indian",
        "player_dob": "22 January 1990"
      },
      {
        "player_name": "J P Duminy",
        "player_img_url": "qwert",
        "player_role": "Batting All-rounder",
        "player_batting_style": "Left-handed",
        "player_bowling_style": "Right-arm off-spin",
        "player_nationality": "South African",
        "player_dob": "14 April 1984"
      },
      {
        "player_name": "Karun Nair",
        "player_img_url": "qwert",
        "player_role": "Batting All-rounder",
        "player_batting_style": "Right-handed",
        "player_bowling_style": "Right-arm off-spin",
        "player_nationality": "Indian",
        "player_dob": "06 December 1991"
      },
      {
        "player_name": "Khaleel Ahemed",
        "player_img_url": "qwert",
        "player_role": "Bowler",
        "player_batting_style": "Right-handed",
        "player_bowling_style": "Left-arm medium pace",
        "player_nationality": "Indian",
        "player_dob": "05 December 1997"
      },
      {
        "player_name": "Mahipal Lomor",
        "player_img_url": "qwert",
        "player_role": "All-rounder",
        "player_batting_style": "Left-handed",
        "player_bowling_style": "Left-arm spin",
        "player_nationality": "Indian",
        "player_dob": "16 November 1999"
      },
      {
        "player_name": "Mayank Agarwal",
        "player_img_url": "qwert",
        "player_role": "Batsman",
        "player_batting_style": "Right-handed",
        "player_bowling_style": "-",
        "player_nationality": "Indian",
        "player_dob": "18 February 1991"
      },
      {
        "player_name": "Mohammed Shami",
        "player_img_url": "qwert",
        "player_role": "Bowler",
        "player_batting_style": "Right-handed",
        "player_bowling_style": "Right-arm medium",
        "player_nationality": "Indian",
        "player_dob": "09 March 1990"
      },
      {
        "player_name": "Nathan Coulter-Nile",
        "player_img_url": "qwert",
        "player_role": "Bowler",
        "player_batting_style": "Right-handed",
        "player_bowling_style": "Right-arm fast",
        "player_nationality": "Australian",
        "player_dob": "11 October 1987"
      },
      {
        "player_name": "Pawan Negi",
        "player_img_url": "qwert",
        "player_role": "Bowling All-rounder",
        "player_batting_style": "Left-handed",
        "player_bowling_style": "Left-arm orthodox spin",
        "player_nationality": "Indian",
        "player_dob": "06 January 1983"
      },
      {
        "player_name": "Pawan Suyal",
        "player_img_url": "qwert",
        "player_role": "Bowler",
        "player_batting_style": "Right-handed",
        "player_bowling_style": "Left-arm medium",
        "player_nationality": "Indian",
        "player_dob": "15 October 1989"
      },
      {
        "player_name": "Pratyush Singh",
        "player_img_url": "qwert",
        "player_role": "Batsman",
        "player_batting_style": "Right-handed",
        "player_bowling_style": "Right-arm leg-break",
        "player_nationality": "Indian",
        "player_dob": "04 September 1994"
      },
      {
        "player_name": "Quinton de Kock",
        "player_img_url": "qwert",
        "player_role": "Wicketkeeper batsman",
        "player_batting_style": "Left-handed",
        "player_bowling_style": "-",
        "player_nationality": "South African",
        "player_dob": "17 December 1992"
      },
      {
        "player_name": "Rishabh Pant",
        "player_img_url": "qwert",
        "player_role": "Wicketkeeper-batsman",
        "player_batting_style": "Left-handed",
        "player_bowling_style": "Right-arm leg-break",
        "player_nationality": "Indian",
        "player_dob": "04 October 1997"
      },
      {
        "player_name": "Sam Billings",
        "player_img_url": "qwert",
        "player_role": "Wicketkeeper Batsman",
        "player_batting_style": "Right-handed",
        "player_bowling_style": "-",
        "player_nationality": "English",
        "player_dob": "15 June 1991"
      },
      {
        "player_name": "Sanju Samson",
        "player_img_url": "qwert",
        "player_role": "Wicketkeeper Batsman",
        "player_batting_style": "Right-handed",
        "player_bowling_style": "-",
        "player_nationality": "Indian",
        "player_dob": "11 November 1994"
      },
      {
        "player_name": "Shahbaz Nadeem",
        "player_img_url": "qwert",
        "player_role": "Bowler",
        "player_batting_style": "Left-handed",
        "player_bowling_style": "Left-arm orthodox spin",
        "player_nationality": "Indian",
        "player_dob": "12 August 1989"
      },
      {
        "player_name": "Shreyas Iyer",
        "player_img_url": "qwert",
        "player_role": "Batsman",
        "player_batting_style": "Right-handed",
        "player_bowling_style": "Right-arm off-break",
        "player_nationality": "Indian",
        "player_dob": "06 December 1994"
      },
      {
        "player_name": "Zaheer Khan",
        "player_img_url": "qwert",
        "player_role": "Bowler",
        "player_batting_style": "Right-handed",
        "player_bowling_style": "Left-arm medium fast",
        "player_nationality": "Indian",
        "player_dob": "07 October 1978"
      }
    ]
  },
  {
    "team_name": "Sunrisers Hyderabad",
    "team_img_url": "hyderabad",
    "team_coach": "Tom Moody",
    "team_captain": "David Warner",
    "team_home_venue": "Rajiv Gandhi Intl. Cricket Stadium",
    "team_owner": "SUN TV Network",
    "team_players": [
      {
        "player_name": "Akhil Herwadkar",
        "player_img_url": "qwert",
        "player_role": "Batsman",
        "player_batting_style": "left_handed",
        "player_bowling_style": "Off-spin and medium pace",
        "player_nationality": "Indian",
        "player_dob": "31 October 1994"
      },
      {
        "player_name": "Amit Mishra",
        "player_img_url": "qwert",
        "player_role": "Bowler",
        "player_batting_style": "Right-handed",
        "player_bowling_style": "Right-arm leg spin",
        "player_nationality": "Indian",
        "player_dob": "24 November 1982"
      },
      {
        "player_name": "Carlos Barathwaite",
        "player_img_url": "qwert",
        "player_role": "All-rounder",
        "player_batting_style": "Right-handed",
        "player_bowling_style": "Right-arm fast-medium",
        "player_nationality": "West Indian",
        "player_dob": "18 July 1988"
      },
      {
        "player_name": "Chama Milind",
        "player_img_url": "qwert",
        "player_role": "Bowler",
        "player_batting_style": "Left-handed",
        "player_bowling_style": "Left-arm medium",
        "player_nationality": "Indian",
        "player_dob": "04 September 1994"
      },
      {
        "player_name": "Imran Tahir",
        "player_img_url": "qwert",
        "player_role": "Bowler",
        "player_batting_style": "Right-handed",
        "player_bowling_style": "Leg-spinner",
        "player_nationality": "South African",
        "player_dob": "27 March 1979"
      },
      {
        "player_name": "Jayant Yadav",
        "player_img_url": "qwert",
        "player_role": "Bowler",
        "player_batting_style": "Right-handed",
        "player_bowling_style": "Right-arm off-spin",
        "player_nationality": "Indian",
        "player_dob": "22 January 1990"
      },
      {
        "player_name": "J P Duminy",
        "player_img_url": "qwert",
        "player_role": "Batting All-rounder",
        "player_batting_style": "Left-handed",
        "player_bowling_style": "Right-arm off-spin",
        "player_nationality": "South African",
        "player_dob": "14 April 1984"
      },
      {
        "player_name": "Karun Nair",
        "player_img_url": "qwert",
        "player_role": "Batting All-rounder",
        "player_batting_style": "Right-handed",
        "player_bowling_style": "Right-arm off-spin",
        "player_nationality": "Indian",
        "player_dob": "06 December 1991"
      },
      {
        "player_name": "Khaleel Ahemed",
        "player_img_url": "qwert",
        "player_role": "Bowler",
        "player_batting_style": "Right-handed",
        "player_bowling_style": "Left-arm medium pace",
        "player_nationality": "Indian",
        "player_dob": "05 December 1997"
      },
      {
        "player_name": "Mahipal Lomor",
        "player_img_url": "qwert",
        "player_role": "All-rounder",
        "player_batting_style": "Left-handed",
        "player_bowling_style": "Left-arm spin",
        "player_nationality": "Indian",
        "player_dob": "16 November 1999"
      },
      {
        "player_name": "Mayank Agarwal",
        "player_img_url": "qwert",
        "player_role": "Batsman",
        "player_batting_style": "Right-handed",
        "player_bowling_style": "-",
        "player_nationality": "Indian",
        "player_dob": "18 February 1991"
      },
      {
        "player_name": "Mohammed Shami",
        "player_img_url": "qwert",
        "player_role": "Bowler",
        "player_batting_style": "Right-handed",
        "player_bowling_style": "Right-arm medium",
        "player_nationality": "Indian",
        "player_dob": "09 March 1990"
      },
      {
        "player_name": "Nathan Coulter-Nile",
        "player_img_url": "qwert",
        "player_role": "Bowler",
        "player_batting_style": "Right-handed",
        "player_bowling_style": "Right-arm fast",
        "player_nationality": "Australian",
        "player_dob": "11 October 1987"
      },
      {
        "player_name": "Pawan Negi",
        "player_img_url": "qwert",
        "player_role": "Bowling All-rounder",
        "player_batting_style": "Left-handed",
        "player_bowling_style": "Left-arm orthodox spin",
        "player_nationality": "Indian",
        "player_dob": "06 January 1983"
      },
      {
        "player_name": "Pawan Suyal",
        "player_img_url": "qwert",
        "player_role": "Bowler",
        "player_batting_style": "Right-handed",
        "player_bowling_style": "Left-arm medium",
        "player_nationality": "Indian",
        "player_dob": "15 October 1989"
      },
      {
        "player_name": "Pratyush Singh",
        "player_img_url": "qwert",
        "player_role": "Batsman",
        "player_batting_style": "Right-handed",
        "player_bowling_style": "Right-arm leg-break",
        "player_nationality": "Indian",
        "player_dob": "04 September 1994"
      },
      {
        "player_name": "Quinton de Kock",
        "player_img_url": "qwert",
        "player_role": "Wicketkeeper batsman",
        "player_batting_style": "Left-handed",
        "player_bowling_style": "-",
        "player_nationality": "South African",
        "player_dob": "17 December 1992"
      },
      {
        "player_name": "Rishabh Pant",
        "player_img_url": "qwert",
        "player_role": "Wicketkeeper-batsman",
        "player_batting_style": "Left-handed",
        "player_bowling_style": "Right-arm leg-break",
        "player_nationality": "Indian",
        "player_dob": "04 October 1997"
      },
      {
        "player_name": "Sam Billings",
        "player_img_url": "qwert",
        "player_role": "Wicketkeeper Batsman",
        "player_batting_style": "Right-handed",
        "player_bowling_style": "-",
        "player_nationality": "English",
        "player_dob": "15 June 1991"
      },
      {
        "player_name": "Sanju Samson",
        "player_img_url": "qwert",
        "player_role": "Wicketkeeper Batsman",
        "player_batting_style": "Right-handed",
        "player_bowling_style": "-",
        "player_nationality": "Indian",
        "player_dob": "11 November 1994"
      },
      {
        "player_name": "Shahbaz Nadeem",
        "player_img_url": "qwert",
        "player_role": "Bowler",
        "player_batting_style": "Left-handed",
        "player_bowling_style": "Left-arm orthodox spin",
        "player_nationality": "Indian",
        "player_dob": "12 August 1989"
      },
      {
        "player_name": "Shreyas Iyer",
        "player_img_url": "qwert",
        "player_role": "Batsman",
        "player_batting_style": "Right-handed",
        "player_bowling_style": "Right-arm off-break",
        "player_nationality": "Indian",
        "player_dob": "06 December 1994"
      },
      {
        "player_name": "Zaheer Khan",
        "player_img_url": "qwert",
        "player_role": "Bowler",
        "player_batting_style": "Right-handed",
        "player_bowling_style": "Left-arm medium fast",
        "player_nationality": "Indian",
        "player_dob": "07 October 1978"
      }
    ]
  }
]