 [
      {
        "player_name": "Akhil Herwadkar",
        "player_img_url": "http://iplstatic.s3.amazonaws.com/players/210/1562.png",
        "player_role": "Batsman",
        "player_batting_style": "left_handed",
        "player_bowling_style": "Off-spin and medium pace",
        "player_nationality": "Indian",
        "player_dob": "31 October 1994"
      },
      {
        "player_name": "Amit Mishra",
        "player_img_url": "http://iplstatic.s3.amazonaws.com/players/210/30.png",
        "player_role": "Bowler",
        "player_batting_style": "Right-handed",
        "player_bowling_style": "Right-arm leg spin",
        "player_nationality": "Indian",
        "player_dob": "24 November 1982"
      },
      {
        "player_name": "Carlos Barathwaite",
        "player_img_url": "http://iplstatic.s3.amazonaws.com/players/210/2722.png",
        "player_role": "All-rounder",
        "player_batting_style": "Right-handed",
        "player_bowling_style": "Right-arm fast-medium",
        "player_nationality": "West Indian",
        "player_dob": "18 July 1988"
      },
      {
        "player_name": "Chama Milind",
        "player_img_url": "http://iplstatic.s3.amazonaws.com/players/210/1751.png",
        "player_role": "Bowler",
        "player_batting_style": "Left-handed",
        "player_bowling_style": "Left-arm medium",
        "player_nationality": "Indian",
        "player_dob": "04 September 1994"
      },
      {
        "player_name": "Imran Tahir",
        "player_img_url": "http://iplstatic.s3.amazonaws.com/players/210/898.png",
        "player_role": "Bowler",
        "player_batting_style": "Right-handed",
        "player_bowling_style": "Leg-spinner",
        "player_nationality": "South African",
        "player_dob": "27 March 1979"
      },
      {
        "player_name": "Jayant Yadav",
        "player_img_url": "http://iplstatic.s3.amazonaws.com/players/210/1740.png",
        "player_role": "Bowler",
        "player_batting_style": "Right-handed",
        "player_bowling_style": "Right-arm off-spin",
        "player_nationality": "Indian",
        "player_dob": "22 January 1990"
      },
      {
        "player_name": "J P Duminy",
        "player_img_url": "http://iplstatic.s3.amazonaws.com/players/210/182.png",
        "player_role": "Batting All-rounder",
        "player_batting_style": "Left-handed",
        "player_bowling_style": "Right-arm off-spin",
        "player_nationality": "South African",
        "player_dob": "14 April 1984"
      },
      {
        "player_name": "Karun Nair",
        "player_img_url": "http://iplstatic.s3.amazonaws.com/players/210/276.png",
        "player_role": "Batting All-rounder",
        "player_batting_style": "Right-handed",
        "player_bowling_style": "Right-arm off-spin",
        "player_nationality": "Indian",
        "player_dob": "06 December 1991"
      },
      {
        "player_name": "Khaleel Ahemed",
        "player_img_url": "http://iplstatic.s3.amazonaws.com/players/210/2964.png",
        "player_role": "Bowler",
        "player_batting_style": "Right-handed",
        "player_bowling_style": "Left-arm medium pace",
        "player_nationality": "Indian",
        "player_dob": "05 December 1997"
      },
      {
        "player_name": "Mahipal Lomor",
        "player_img_url": "http://iplstatic.s3.amazonaws.com/players/210/2970.png",
        "player_role": "All-rounder",
        "player_batting_style": "Left-handed",
        "player_bowling_style": "Left-arm spin",
        "player_nationality": "Indian",
        "player_dob": "16 November 1999"
      },
      {
        "player_name": "Mayank Agarwal",
        "player_img_url": "http://static2.iplt20.com/players/284/158.png",
        "player_role": "Batsman",
        "player_batting_style": "Right-handed",
        "player_bowling_style": "-",
        "player_nationality": "Indian",
        "player_dob": "18 February 1991"
      },
      {
        "player_name": "Mohammed Shami",
        "player_img_url": "http://iplstatic.s3.amazonaws.com/players/210/94.png",
        "player_role": "Bowler",
        "player_batting_style": "Right-handed",
        "player_bowling_style": "Right-arm medium",
        "player_nationality": "Indian",
        "player_dob": "09 March 1990"
      },
      {
        "player_name": "Nathan Coulter-Nile",
        "player_img_url": "http://iplstatic.s3.amazonaws.com/players/210/840.png",
        "player_role": "Bowler",
        "player_batting_style": "Right-handed",
        "player_bowling_style": "Right-arm fast",
        "player_nationality": "Australian",
        "player_dob": "11 October 1987"
      },
      {
        "player_name": "Pawan Negi",
        "player_img_url": "http://iplstatic.s3.amazonaws.com/players/210/53.png",
        "player_role": "Bowling All-rounder",
        "player_batting_style": "Left-handed",
        "player_bowling_style": "Left-arm orthodox spin",
        "player_nationality": "Indian",
        "player_dob": "06 January 1983"
      },
      {
        "player_name": "Pawan Suyal",
        "player_img_url": "http://iplstatic.s3.amazonaws.com/players/210/105.png",
        "player_role": "Bowler",
        "player_batting_style": "Right-handed",
        "player_bowling_style": "Left-arm medium",
        "player_nationality": "Indian",
        "player_dob": "15 October 1989"
      },
      {
        "player_name": "Pratyush Singh",
        "player_img_url": "http://iplstatic.s3.amazonaws.com/players/210/2731.png",
        "player_role": "Batsman",
        "player_batting_style": "Right-handed",
        "player_bowling_style": "Right-arm leg-break",
        "player_nationality": "Indian",
        "player_dob": "04 September 1994"
      },
      {
        "player_name": "Quinton de Kock",
        "player_img_url": "http://iplstatic.s3.amazonaws.com/players/210/834.png",
        "player_role": "Wicketkeeper batsman",
        "player_batting_style": "Left-handed",
        "player_bowling_style": "-",
        "player_nationality": "South African",
        "player_dob": "17 December 1992"
      },
      {
        "player_name": "Rishabh Pant",
        "player_img_url": "http://static2.iplt20.com/players/284/2972.png",
        "player_role": "Wicketkeeper-batsman",
        "player_batting_style": "Left-handed",
        "player_bowling_style": "Right-arm leg-break",
        "player_nationality": "Indian",
        "player_dob": "04 October 1997"
      },
      {
        "player_name": "Sam Billings",
        "player_img_url": "http://iplstatic.s3.amazonaws.com/players/210/2756.png",
        "player_role": "Wicketkeeper Batsman",
        "player_batting_style": "Right-handed",
        "player_bowling_style": "-",
        "player_nationality": "English",
        "player_dob": "15 June 1991"
      },
      {
        "player_name": "Sanju Samson",
        "player_img_url": "http://iplstatic.s3.amazonaws.com/players/210/258.png",
        "player_role": "Wicketkeeper Batsman",
        "player_batting_style": "Right-handed",
        "player_bowling_style": "-",
        "player_nationality": "Indian",
        "player_dob": "11 November 1994"
      },
      {
        "player_name": "Shahbaz Nadeem",
        "player_img_url": "http://iplstatic.s3.amazonaws.com/players/210/57.png",
        "player_role": "Bowler",
        "player_batting_style": "Left-handed",
        "player_bowling_style": "Left-arm orthodox spin",
        "player_nationality": "Indian",
        "player_dob": "12 August 1989"
      },
      {
        "player_name": "Shreyas Iyer",
        "player_img_url": "http://iplstatic.s3.amazonaws.com/players/210/1563.png",
        "player_role": "Batsman",
        "player_batting_style": "Right-handed",
        "player_bowling_style": "Right-arm off-break",
        "player_nationality": "Indian",
        "player_dob": "06 December 1994"
      },
      {
        "player_name": "Zaheer Khan",
        "player_img_url": "http://iplstatic.s3.amazonaws.com/players/210/165.png",
        "player_role": "Bowler",
        "player_batting_style": "Right-handed",
        "player_bowling_style": "Left-arm medium fast",
        "player_nationality": "Indian",
        "player_dob": "07 October 1978"
      },
      
      
      
      {
        "player_name": "Suresh Raina",
        "player_img_url": "http://static2.iplt20.com/players/284/14.png",
        "player_role": "Batsman",
        "player_batting_style": "left_handed",
        "player_bowling_style": "Right-arm off-spin",
        "player_nationality": "Indian",
        "player_dob": "27 November 1986"
      },
      {
        "player_name": "Aaron Finch",
        "player_img_url": "http://iplstatic.s3.amazonaws.com/players/210/167.png",
        "player_role": "Batsman",
        "player_batting_style": "Right-handed",
        "player_bowling_style": "Left-arm medium",
        "player_nationality": "Australian",
        "player_dob": "17 November 1986"
      },
      {
        "player_name": "Akshdeep Nath",
        "player_img_url": "http://iplstatic.s3.amazonaws.com/players/210/3177.png",
        "player_role": "All-rounder",
        "player_batting_style": "Right-handed",
        "player_bowling_style": "Right-arm medium-fast",
        "player_nationality": "Indian",
        "player_dob": "10 May 1993"
      },
      {
        "player_name": "A Mishra",
        "player_img_url": "http://static2.iplt20.com/players/284/1739.png",
        "player_role": "Bowler",
        "player_batting_style": "Right-handed",
        "player_bowling_style": "Right-arm medium",
        "player_nationality": "Indian",
        "player_dob": "11 November 1991"
      },
      {
        "player_name": "Andrew Tye",
        "player_img_url": "http://iplstatic.s3.amazonaws.com/players/210/1480.png",
        "player_role": "All-rounder",
        "player_batting_style": "Right-handed",
        "player_bowling_style": "Right-arm medium fast",
        "player_nationality": "Australian",
        "player_dob": "12 December 1986"
      },
      {
        "player_name": "Brendon MacCullum",
        "player_img_url": "http://iplstatic.s3.amazonaws.com/players/210/202.png",
        "player_role": "Wicketkeeper batsman",
        "player_batting_style": "Right-handed",
        "player_bowling_style": "Right-arm medium",
        "player_nationality": "New Zealander",
        "player_dob": "27 September 1981"
      },
      {
        "player_name": "Dale Steyn",
        "player_img_url": "http://iplstatic.s3.amazonaws.com/players/210/180.png",
        "player_role": "Bowler",
        "player_batting_style": "Right-handed",
        "player_bowling_style": "Right-arm fast",
        "player_nationality": "South African",
        "player_dob": "27 June 1983"
      },
      {
        "player_name": "Dhawal Kulkarni",
        "player_img_url": "http://iplstatic.s3.amazonaws.com/players/210/101.png",
        "player_role": "Bowler",
        "player_batting_style": "Right-handed",
        "player_bowling_style": "Right-arm medium fast",
        "player_nationality": "Indian",
        "player_dob": "10 December 1988"
      },
      {
        "player_name": "Dinesh Karthik",
        "player_img_url": "http://iplstatic.s3.amazonaws.com/players/210/102.png",
        "player_role": "Wicketkeeper batsman",
        "player_batting_style": "Right-handed",
        "player_bowling_style": "-",
        "player_nationality": "Indian",
        "player_dob": "01 June 1985"
      },
      {
        "player_name": "Dwayne Bravo",
        "player_img_url": "http://iplstatic.s3.amazonaws.com/players/210/25.png",
        "player_role": "All-rounder",
        "player_batting_style": "All-rounder",
        "player_bowling_style": "All-rounder",
        "player_nationality": "West Indian",
        "player_dob": "07 October 1983"
      },
      {
        "player_name": "Dwayne Smith",
        "player_img_url": "http://iplstatic.s3.amazonaws.com/players/210/413.png",
        "player_role": "Batting All-rounder",
        "player_batting_style": "Right-handed",
        "player_bowling_style": "Right-arm medium",
        "player_nationality": "West Indian",
        "player_dob": "12 April 1983"
      },
      {
        "player_name": "Eklavya Dwivedi",
        "player_img_url": "http://static2.iplt20.com/players/284/118.png",
        "player_role": "Wicketkeeper batsman",
        "player_batting_style": "Right-handed",
        "player_bowling_style": "-",
        "player_nationality": "Indian",
        "player_dob": "22 July 1988"
      },
      {
        "player_name": "Ishan Kishan",
        "player_img_url": "http://static2.iplt20.com/players/284/2975.png",
        "player_role": "-",
        "player_batting_style": "-",
        "player_bowling_style": "-",
        "player_nationality": "Indian",
        "player_dob": "18 July 1998"
      },
      {
        "player_name": "James Faulkener",
        "player_img_url": "http://static2.iplt20.com/players/284/193.png",
        "player_role": "All-rounder",
        "player_batting_style": "All-rounder",
        "player_bowling_style": "All-rounder",
        "player_nationality": "Australian",
        "player_dob": "29 April 1990"
      },
      {
        "player_name": "Jaydev Shah",
        "player_img_url": "http://iplstatic.s3.amazonaws.com/players/210/265.png",
        "player_role": "Batsman",
        "player_batting_style": "Left-handed",
        "player_bowling_style": "Right-arm off-spin",
        "player_nationality": "Indian",
        "player_dob": "04 May 1983"
      },
      {
        "player_name": "Paras Dogra",
        "player_img_url": "http://iplstatic.s3.amazonaws.com/players/210/74.png",
        "player_role": "Batsman",
        "player_batting_style": "Right-handed",
        "player_bowling_style": "Right-arm leg spin",
        "player_nationality": "Indian",
        "player_dob": "19 November 1984"
      },
      {
        "player_name": "Pradeep Sangwan",
        "player_img_url": "http://iplstatic.s3.amazonaws.com/players/210/91.png",
        "player_role": "Bowler",
        "player_batting_style": "Right-handed",
        "player_bowling_style": "Left-arm medium fast",
        "player_nationality": "Indian",
        "player_dob": "05 November 1990"
      },
      {
        "player_name": "Praveen Kumar",
        "player_img_url": "http://iplstatic.s3.amazonaws.com/players/210/77.png",
        "player_role": "Bowler",
        "player_batting_style": "Right-handed",
        "player_bowling_style": "Right-arm medium",
        "player_nationality": "Indian",
        "player_dob": "02 October 1986"
      },
      {
        "player_name": "Pravin Tambe",
        "player_img_url": "http://static2.iplt20.com/players/284/1114.png",
        "player_role": "All-rounder",
        "player_batting_style": "Right-handed",
        "player_bowling_style": "Right-arm leg spin",
        "player_nationality": "Indian",
        "player_dob": "08 October 1971"
      },
      {
        "player_name": "Ravindra Jadeja",
        "player_img_url": "http://static2.iplt20.com/players/284/9.png",
        "player_role": "All-rounder",
        "player_batting_style": "Left-handed",
        "player_bowling_style": "Left-arm orthodox spin",
        "player_nationality": "Indian",
        "player_dob": "06 December 1988"
      },
      {
        "player_name": "Sarabjit Ladda",
        "player_img_url": "http://iplstatic.s3.amazonaws.com/players/210/93.png",
        "player_role": "Bowler",
        "player_batting_style": "Right-handed",
        "player_bowling_style": "Right-arm leg spin",
        "player_nationality": "Indian",
        "player_dob": "10 July 1986"
      },
      {
        "player_name": "Shadab Jakati",
        "player_img_url": "http://iplstatic.s3.amazonaws.com/players/210/10.png",
        "player_role": "Bowler",
        "player_batting_style": "Left-handed",
        "player_bowling_style": "Left-arm orthodox spin",
        "player_nationality": "Indian",
        "player_dob": "27 November 1980"
      },
      {
        "player_name": "Shivil Kaushik",
        "player_img_url": "http://static2.iplt20.com/players/284/3178.png",
        "player_role": "Bowler",
        "player_batting_style": "Left-handed",
        "player_bowling_style": "-",
        "player_nationality": "Indian",
        "player_dob": "09 July 1995"
      },
      {
        "player_name": "Umang Sharma",
        "player_img_url": "http://static2.iplt20.com/players/284/3179.png",
        "player_role": "-",
        "player_batting_style": "-",
        "player_bowling_style": "-",
        "player_nationality": "Indian",
        "player_dob": "20 October 1989"
      },
      
      
      {
        "player_name": "Murali Vijay",
        "player_img_url": "http://static2.iplt20.com/players/284/7.png",
        "player_role": "Batsman",
        "player_batting_style": "Right-handed",
        "player_bowling_style": "Right-arm off-spin",
        "player_nationality": "Indian",
        "player_dob": "01 April 1984"
      },
      {
        "player_name": "David Miller",
        "player_img_url": "http://static2.iplt20.com/players/284/187.png",
        "player_role": "Batsman",
        "player_batting_style": "Left-handed",
        "player_bowling_style": "Right-arm off-spin",
        "player_nationality": "South African",
        "player_dob": "10 June 1989"
      },
      {
        "player_name": "Kyle Abbott",
        "player_img_url": "http://static2.iplt20.com/players/284/1105.png",
        "player_role": "All-rounder",
        "player_batting_style": "Right-handed",
        "player_bowling_style": "Right-arm medium fast",
        "player_nationality": "South African",
        "player_dob": "18 June 1987"
      },
      {
        "player_name": "Anureet Singh",
        "player_img_url": "http://static2.iplt20.com/players/284/412.png",
        "player_role": "Bowler",
        "player_batting_style": "Right-handed",
        "player_bowling_style": "Right-arm medium",
        "player_nationality": "Indian",
        "player_dob": "26 February 1982"
      },
      {
        "player_name": "Armaan Jaffer",
        "player_img_url": "http://static2.iplt20.com/players/284/2966.png",
        "player_role": "Batsman",
        "player_batting_style": "Right-handed",
        "player_bowling_style": "-",
        "player_nationality": "Indian",
        "player_dob": "25 October 1998"
      },
      {
        "player_name": "Farhaan Behardien",
        "player_img_url": "http://static2.iplt20.com/players/284/457.png",
        "player_role": "Batsman",
        "player_batting_style": "Right-handed",
        "player_bowling_style": "Right-arm fast-medium",
        "player_nationality": "South African",
        "player_dob": "09 October 1983"
      },
      {
        "player_name": "KC Cariappa",
        "player_img_url": "http://static2.iplt20.com/players/284/2743.png",
        "player_role": "Bowler",
        "player_batting_style": "Right-handed",
        "player_bowling_style": "Leg-break",
        "player_nationality": "Indian",
        "player_dob": "13 April 1994"
      },
      {
        "player_name": "Rishi Dhawan",
        "player_img_url": "http://static2.iplt20.com/players/284/1088.png",
        "player_role": "All-rounder",
        "player_batting_style": "Right-handed",
        "player_bowling_style": "Right-arm medium fast",
        "player_nationality": "Indian",
        "player_dob": "19 February 1990"
      },
      {
        "player_name": "Gurkeerat Mann Singh",
        "player_img_url": "http://static2.iplt20.com/players/284/253.png",
        "player_role": "Batsman",
        "player_batting_style": "Right-handed",
        "player_bowling_style": "Right-arm off-spin",
        "player_nationality": "Indian",
        "player_dob": "29 June 1990"
      },
      {
        "player_name": "Mitchell Johnson",
        "player_img_url": "http://static2.iplt20.com/players/284/213.png",
        "player_role": "Bowling All-rounder",
        "player_batting_style": "Left-handed",
        "player_bowling_style": "Left-arm fast",
        "player_nationality": "Australian",
        "player_dob": "02 November 1981"
      },
      {
        "player_name": "Shaun Marsh",
        "player_img_url": "http://static2.iplt20.com/players/284/191.png",
        "player_role": "Batsman",
        "player_batting_style": "Left-handed",
        "player_bowling_style": "Left-arm orthodox spin",
        "player_nationality": "Australian",
        "player_dob": "09 July 1983"
      },
      {
        "player_name": "Glenn Maxwell",
        "player_img_url": "http://static2.iplt20.com/players/284/282.png",
        "player_role": "All-rounder",
        "player_batting_style": "Right-handed",
        "player_bowling_style": "Right-arm off-spin",
        "player_nationality": "Australian",
        "player_dob": "14 October 1988"
      },
      {
        "player_name": "Nikhil Naik",
        "player_img_url": "http://static2.iplt20.com/players/284/2732.png",
        "player_role": "Wicketkeeper-batsman",
        "player_batting_style": "Right-handed",
        "player_bowling_style": "-",
        "player_nationality": "Indian",
        "player_dob": "09 November 1994"
      },
      {
        "player_name": "Axar Patel",
        "player_img_url": "http://static2.iplt20.com/players/284/1113.png",
        "player_role": "All-rounder",
        "player_batting_style": "Left-handed",
        "player_bowling_style": "Left-arm orthodox spin",
        "player_nationality": "Indian",
        "player_dob": "20 January 1994"
      },
      {
        "player_name": "Wriddhiman Saha",
        "player_img_url": "http://static2.iplt20.com/players/284/16.png",
        "player_role": "Wicketkeeper batsman",
        "player_batting_style": "Right-handed",
        "player_bowling_style": "-",
        "player_nationality": "Indian",
        "player_dob": "24 October 1984"
      },
      {
        "player_name": "Pradeep Sahu",
        "player_img_url": "http://static2.iplt20.com/players/284/2745.png",
        "player_role": "Batsman",
        "player_batting_style": "Right-handed",
        "player_bowling_style": "Leg-spin",
        "player_nationality": "Indian",
        "player_dob": "21 August 1985"
      },
      {
        "player_name": "Sandeep Sharma",
        "player_img_url": "http://static2.iplt20.com/players/284/1112.png",
        "player_role": "Bowler",
        "player_batting_style": "Right-handed",
        "player_bowling_style": "Right-arm medium",
        "player_nationality": "Indian",
        "player_dob": "18 May 1993"
      },
      {
        "player_name": "Mohit Sharma",
        "player_img_url": "http://static2.iplt20.com/players/284/1107.png",
        "player_role": "Bowler",
        "player_batting_style": "Right-handed",
        "player_bowling_style": "Right-arm medium",
        "player_nationality": "Indian",
        "player_dob": "19 December 1991"
      },
      {
        "player_name": "Marcus Stonis",
        "player_img_url": "http://static2.iplt20.com/players/284/964.png",
        "player_role": "All-rounder",
        "player_batting_style": "Right-handed",
        "player_bowling_style": "Right-arm medium-fast",
        "player_nationality": "Australian",
        "player_dob": "16 August 1989"
      },
      {
        "player_name": "Swapnil Singh",
        "player_img_url": "http://static2.iplt20.com/players/284/3180.png",
        "player_role": "Bowling all-rounder",
        "player_batting_style": "Right-handed",
        "player_bowling_style": "Left-arm spin",
        "player_nationality": "Indian",
        "player_dob": "22 January 1991"
      },
      {
        "player_name": "Shardul Thakur",
        "player_img_url": "http://static2.iplt20.com/players/284/1745.png",
        "player_role": "Bowler",
        "player_batting_style": "Right-handed",
        "player_bowling_style": "Right-arm medium",
        "player_nationality": "Indian",
        "player_dob": "16 October 1991"
      },
      {
        "player_name": "Manan Vohra",
        "player_img_url": "http://static2.iplt20.com/players/284/1085.png",
        "player_role": "Batsman",
        "player_batting_style": "Right-handed",
        "player_bowling_style": "Right-arm medium",
        "player_nationality": "Indian",
        "player_dob": "18 July 1993"
      },
      {
        "player_name": "Hashim Amla",
        "player_img_url": "http://static2.iplt20.com/players/284/456.png",
        "player_role": "Batsman",
        "player_batting_style": "Right-handed",
        "player_bowling_style": "-",
        "player_nationality": "Batsman",
        "player_dob": "31 March 1983"
      },
    
    
    
      {
        "player_name": "Gautam Gambhir",
        "player_img_url": "http://static2.iplt20.com/players/284/84.png",
        "player_role": "Batsman",
        "player_batting_style": "left_handed",
        "player_bowling_style": "Right-arm leg spin",
        "player_nationality": "Indian",
        "player_dob": "14 October 1981"
      },
      {
        "player_name": "Andre Russell",
        "player_img_url": "http://static2.iplt20.com/players/284/177.png",
        "player_role": "All-rounder",
        "player_batting_style": "Right-handed",
        "player_bowling_style": "Right-arm fast",
        "player_nationality": "West Indian",
        "player_dob": "29 April 1988"
      },
      {
        "player_name": "Ankit Rajpoot",
        "player_img_url": "http://static2.iplt20.com/players/284/1106.png",
        "player_role": "Bowler",
        "player_batting_style": "Right-handed",
        "player_bowling_style": "Right-arm medium",
        "player_nationality": "Indian",
        "player_dob": "04 December 1993"
      },
      {
        "player_name": "Brad Hogg",
        "player_img_url": "http://static2.iplt20.com/players/284/231.png",
        "player_role": "All-rounder",
        "player_batting_style": "Left-handed",
        "player_bowling_style": "Left-arm chinaman",
        "player_nationality": "Australian",
        "player_dob": "06 February 1971"
      },
      {
        "player_name": "Chris Lynn",
        "player_img_url": "qwert",
        "player_role": "Batsman",
        "player_batting_style": "Right-handed",
        "player_bowling_style": "Left-arm orthodox spin",
        "player_nationality": "Australian",
        "player_dob": "10 April 1990"
      },
      {
        "player_name": "Colin Munro",
        "player_img_url": "http://static2.iplt20.com/players/284/773.png",
        "player_role": "Batsmen",
        "player_batting_style": "Left-handed",
        "player_bowling_style": "Right arm medium",
        "player_nationality": "New Zealander",
        "player_dob": "11 March 1987"
      },
      {
        "player_name": "Jason Holder",
        "player_img_url": "http://static2.iplt20.com/players/284/1075.png",
        "player_role": "All-rounder",
        "player_batting_style": "Right-hand bat",
        "player_bowling_style": "Right-arm medium fast",
        "player_nationality": "West Indian",
        "player_dob": "05 November 1991"
      },
      {
        "player_name": "Jaydev Unadkat",
        "player_img_url": "http://static2.iplt20.com/players/284/86.png",
        "player_role": "Bowler",
        "player_batting_style": "Left-handed",
        "player_bowling_style": "Left-arm medium fast",
        "player_nationality": "Indian",
        "player_dob": "18 October 1991"
      },
      {
        "player_name": "John Hastings",
        "player_img_url": "http://static2.iplt20.com/players/284/748.png",
        "player_role": "All-rounder",
        "player_batting_style": "Right-handed",
        "player_bowling_style": "Right-arm medium",
        "player_nationality": "Australian",
        "player_dob": "04 November 1985"
      },
      {
        "player_name": "Kuldeep Yadav",
        "player_img_url": "http://static2.iplt20.com/players/284/261.png",
        "player_role": "All-rounder",
        "player_batting_style": "Left-handed",
        "player_bowling_style": "Left-arm orthodox spin",
        "player_nationality": "Indian",
        "player_dob": "14 December 1994"
      },
      {
        "player_name": "Manan Sharma",
        "player_img_url": "http://static2.iplt20.com/players/284/3181.png",
        "player_role": "All -rounder",
        "player_batting_style": "Left-handed",
        "player_bowling_style": "left-arm spin",
        "player_nationality": "Indian",
        "player_dob": "19 March 1991"
      },
      {
        "player_name": "Manish Pandey",
        "player_img_url": "http://static2.iplt20.com/players/284/123.png",
        "player_role": "Batsman",
        "player_batting_style": "Right-handed",
        "player_bowling_style": "Right-arm off-spin",
        "player_nationality": "Indian",
        "player_dob": "10 September 1989"
      },
      {
        "player_name": "Morne Morkel",
        "player_img_url": "http://static2.iplt20.com/players/284/169.png",
        "player_role": "Bowler",
        "player_batting_style": "Left-handed",
        "player_bowling_style": "Right-arm fast",
        "player_nationality": "South African",
        "player_dob": "06 October 1984"
      },
      {
        "player_name": "Piyush Chawla",
        "player_img_url": "http://static2.iplt20.com/players/284/76.png",
        "player_role": "Bowling All-rounder",
        "player_batting_style": "Right-handed",
        "player_bowling_style": "Right-arm leg spin",
        "player_nationality": "Indian",
        "player_dob": "24 December 1988"
      },
      {
        "player_name": "Rajagopal Sathish",
        "player_img_url": "http://static2.iplt20.com/players/284/78.png",
        "player_role": "All-rounder",
        "player_batting_style": "Right-handed",
        "player_bowling_style": "Right-arm medium",
        "player_nationality": "Indian",
        "player_dob": "14 January 1981"
      },
      {
        "player_name": "Robin Uthappa",
        "player_img_url": "http://static2.iplt20.com/players/284/127.png",
        "player_role": "Batsman",
        "player_batting_style": "Right-handed",
        "player_bowling_style": "Right-arm medium",
        "player_nationality": "Indian",
        "player_dob": "11 November 1985"
      },
      {
        "player_name": "Shakib Al Hasan",
        "player_img_url": "http://static2.iplt20.com/players/284/201.png",
        "player_role": "All-rounder",
        "player_batting_style": "Left-handed",
        "player_bowling_style": "Left-arm orthodox spin",
        "player_nationality": "Bangladeshi",
        "player_dob": "24 March 1987"
      },
      {
        "player_name": "Sheldon Jackson",
        "player_img_url": "http://static2.iplt20.com/players/284/1116.png",
        "player_role": "Wicketkeeper-batsman",
        "player_batting_style": "Right-handed",
        "player_bowling_style": "-",
        "player_nationality": "Indian",
        "player_dob": "27 September 1986"
      },
      {
        "player_name": "Sunil Narine",
        "player_img_url": "qwert",
        "player_role": "Bowler",
        "player_batting_style": "Left-handed",
        "player_bowling_style": "Right-arm off-spin",
        "player_nationality": "West Indian",
        "player_dob": "26 May 1988"
      },
      {
        "player_name": "Suryakumar Yadav",
        "player_img_url": "http://static2.iplt20.com/players/284/108.png",
        "player_role": "Batsman",
        "player_batting_style": "Right-handed",
        "player_bowling_style": "Right-arm medium",
        "player_nationality": "Indian",
        "player_dob": "14 September 1990"
      },
      {
        "player_name": "Umesh Yadav",
        "player_img_url": "http://static2.iplt20.com/players/284/59.png",
        "player_role": "Bowler",
        "player_batting_style": "Right-handed",
        "player_bowling_style": "Right-arm medium fast",
        "player_nationality": "Indian",
        "player_dob": "25 October 1987"
      },
      {
        "player_name": "Yusuf Pathan",
        "player_img_url": "http://static2.iplt20.com/players/284/96.png",
        "player_role": "Batsman",
        "player_batting_style": "Right-handed",
        "player_bowling_style": "Right-arm off-spin",
        "player_nationality": "Indian",
        "player_dob": "17 November 1982"
      },
      
      
      
      {
        "player_name": "Rohit Sharma",
        "player_img_url": "http://static2.iplt20.com/players/284/107.png",
        "player_role": "Batsman",
        "player_batting_style": "Right-handed",
        "player_bowling_style": "Right-arm off-spin",
        "player_nationality": "Indian",
        "player_dob": "30 April 1987"
      },
      {
        "player_name": "Akshay Wakhare",
        "player_img_url": "http://iplstatic.s3.amazonaws.com/players/210/Photo-Missing.png",
        "player_role": "Bowler",
        "player_batting_style": "Right-handed",
        "player_bowling_style": "Right-arm off-break",
        "player_nationality": "Indian",
        "player_dob": "03 October 1985"
      },
      {
        "player_name": "Ambati Rayudu",
        "player_img_url": "http://iplstatic.s3.amazonaws.com/players/210/100.png",
        "player_role": "Wicketkeeper batsman",
        "player_batting_style": "Right-handed",
        "player_bowling_style": "Right-arm off-spin",
        "player_nationality": "Indian",
        "player_dob": "23 September 1985"
      },
      {
        "player_name": "Corey Anderson",
        "player_img_url": "http://static2.iplt20.com/players/284/968.png",
        "player_role": "All-rounder",
        "player_batting_style": "Left-handed",
        "player_bowling_style": "Left-arm medium fast",
        "player_nationality": "New Zealander",
        "player_dob": "13 December 1990"
      },
      {
        "player_name": "Deepak Punia",
        "player_img_url": "http://static2.iplt20.com/players/284/3184.png",
        "player_role": "Bowler",
        "player_batting_style": "Right-handed",
        "player_bowling_style": "Right-arm medium",
        "player_nationality": "Indian",
        "player_dob": "27 September 1993"
      },
      {
        "player_name": "Harbhajan Singh",
        "player_img_url": "http://static2.iplt20.com/players/284/103.png",
        "player_role": "Bowling All-rounder",
        "player_batting_style": "Right-handed",
        "player_bowling_style": "Right-arm off-spin",
        "player_nationality": "Indian",
        "player_dob": "03 July 1980"
      },
      {
        "player_name": "Hardik Pandya",
        "player_img_url": "http://static2.iplt20.com/players/284/2740.png",
        "player_role": "All-rounder",
        "player_batting_style": "Right-hand",
        "player_bowling_style": "Right-arm medium fast",
        "player_nationality": "Indian",
        "player_dob": "11 October 1993"
      },
      {
        "player_name": "Jagadeesha Suchith",
        "player_img_url": "http://static2.iplt20.com/players/284/2741.png",
        "player_role": "Bowler",
        "player_batting_style": "Left-hand",
        "player_bowling_style": "Slow left-arm orthodox",
        "player_nationality": "Indian",
        "player_dob": "16 January 1994"
      },
      {
        "player_name": "Jasprit Bumrah",
        "player_img_url": "http://static2.iplt20.com/players/284/1124.png",
        "player_role": "Bowler",
        "player_batting_style": "Right-handed",
        "player_bowling_style": "Right-arm medium",
        "player_nationality": "Indian",
        "player_dob": "06 December 1993"
      },
      {
        "player_name": "Jitesh Sharma",
        "player_img_url": "http://static2.iplt20.com/players/284/3185.png",
        "player_role": "Wicketkeeper-batsman",
        "player_batting_style": "Right-handed",
        "player_bowling_style": "-",
        "player_nationality": "Indian",
        "player_dob": "22 October 1993"
      },
      {
        "player_name": "Jerome Taylor",
        "player_img_url": "http://static2.iplt20.com/players/284/1841.png",
        "player_role": "Bowler",
        "player_batting_style": "Right-handed",
        "player_bowling_style": "Right-arm fast",
        "player_nationality": "West Indian",
        "player_dob": "22 June 1984"
      },
      {
        "player_name": "Jos Buttler",
        "player_img_url": "http://static2.iplt20.com/players/284/509.png",
        "player_role": "Wicketkeeper-batsman",
        "player_batting_style": "Right-handed",
        "player_bowling_style": "-",
        "player_nationality": "English",
        "player_dob": "08 September 1990"
      },
      {
        "player_name": "Kieron Pollard",
        "player_img_url": "http://static2.iplt20.com/players/284/210.png",
        "player_role": "All-rounder",
        "player_batting_style": "Right-handed",
        "player_bowling_style": "Right-arm medium",
        "player_nationality": "West Indian",
        "player_dob": "12 May 1987"
      },
      {
        "player_name": "Kishore Kamath",
        "player_img_url": "http://static2.iplt20.com/players/284/3182.png",
        "player_role": "All-rounder",
        "player_batting_style": "Right-handed",
        "player_bowling_style": "Right-arm leg spin",
        "player_nationality": "Indian",
        "player_dob": "31 January 1995"
      },
      {
        "player_name": "Krunal Pandya",
        "player_img_url": "http://static2.iplt20.com/players/284/3183.png",
        "player_role": "All-rounder",
        "player_batting_style": "Left-handed",
        "player_bowling_style": "Left-arm orthodox",
        "player_nationality": "Indian",
        "player_dob": "24 March 1991"
      },
      {
        "player_name": "Lasith Malinga",
        "player_img_url": "http://iplstatic.s3.amazonaws.com/players/210/Photo-Missing.png",
        "player_role": "Bowler",
        "player_batting_style": "Right-handed",
        "player_bowling_style": "Right-arm fast",
        "player_nationality": "Sri Lankan",
        "player_dob": "28 August 1983"
      },
      {
        "player_name": "Lendl Simmons",
        "player_img_url": "http://static2.iplt20.com/players/284/595.png",
        "player_role": "Batsman",
        "player_batting_style": "Right-handed",
        "player_bowling_style": "Right-arm medium-fast",
        "player_nationality": "West Indian",
        "player_dob": "25 January 1985"
      },
      {
        "player_name": "Marchant de Lange",
        "player_img_url": "http://static2.iplt20.com/players/284/204.png",
        "player_role": "Bowler",
        "player_batting_style": "Right-handed",
        "player_bowling_style": "Right-arm medium fast",
        "player_nationality": "South African",
        "player_dob": "13 October 1990"
      },
      {
        "player_name": "Mitchell McClenaghan",
        "player_img_url": "http://static2.iplt20.com/players/284/730.png",
        "player_role": "Bowler",
        "player_batting_style": "Left-handed",
        "player_bowling_style": "Left-arm medium-fast",
        "player_nationality": "New Zealander",
        "player_dob": "11 June 1986"
      },
      {
        "player_name": "Martin Guptill",
        "player_img_url": "http://iplstatic.s3.amazonaws.com/players/210/431.png",
        "player_role": "Bowler",
        "player_batting_style": "Left-handed",
        "player_bowling_style": "Left-arm medium-fast",
        "player_nationality": "New Zealander",
        "player_dob": "11 June 1986"
      },
      {
        "player_name": "Nathu Singh",
        "player_img_url": "http://iplstatic.s3.amazonaws.com/players/210/3186.png",
        "player_role": "Bowler",
        "player_batting_style": "-",
        "player_bowling_style": "-",
        "player_nationality": "Indian",
        "player_dob": "12 August 1989"
      },
      {
        "player_name": "Nitish Rana",
        "player_img_url": "http://static2.iplt20.com/players/284/2738.png",
        "player_role": "Batsman",
        "player_batting_style": "Left-handed",
        "player_bowling_style": "Right-arm off-break",
        "player_nationality": "Indian",
        "player_dob": "27 December 1993"
      },
      {
        "player_name": "Parthiv Patel",
        "player_img_url": "http://static2.iplt20.com/players/284/44.png",
        "player_role": "Wicketkeeper batsman",
        "player_batting_style": "Left-handed",
        "player_bowling_style": "-",
        "player_nationality": "Indian",
        "player_dob": "09 March 1985"
      },
      {
        "player_name": "Shreyas Gopal",
        "player_img_url": "http://iplstatic.s3.amazonaws.com/players/210/1748.png",
        "player_role": "All-rounder",
        "player_batting_style": "Right-handed",
        "player_bowling_style": "Right-arm leg spin",
        "player_nationality": "Indian",
        "player_dob": "04 September 1993"
      },
      {
        "player_name": "Siddhesh Lad",
        "player_img_url": "http://iplstatic.s3.amazonaws.com/players/210/2739.png",
        "player_role": "Batsman",
        "player_batting_style": "Right-handed",
        "player_bowling_style": "RIght-arm off-spin",
        "player_nationality": "Indian",
        "player_dob": "23 May 1992"
      },
      {
        "player_name": "Tim Southee",
        "player_img_url": "http://static2.iplt20.com/players/284/307.png",
        "player_role": "Bowler",
        "player_batting_style": "Right-handed",
        "player_bowling_style": "Right-arm medium fast",
        "player_nationality": "New Zealander",
        "player_dob": "11 December 1988"
      },
      {
        "player_name": "Unmukt Chand",
        "player_img_url": "http://static2.iplt20.com/players/284/60.png",
        "player_role": "Batsman",
        "player_batting_style": "Right-handed",
        "player_bowling_style": "Right-arm off-spin",
        "player_nationality": "Indian",
        "player_dob": "26 March 1993"
      },
      {
        "player_name": "Vinay Kumar",
        "player_img_url": "http://iplstatic.s3.amazonaws.com/players/210/166.png",
        "player_role": "Bowler",
        "player_batting_style": "Right-handed",
        "player_bowling_style": "Right-arm medium fast",
        "player_nationality": "Indian",
        "player_dob": "12 February 1984"
      },
      
      
      
      
      {
        "player_name": "MS Dhoni",
        "player_img_url": "http://static2.iplt20.com/players/284/1.png",
        "player_role": "Wicketkeeper batsman",
        "player_batting_style": "Right-handed",
        "player_bowling_style": "Right-arm medium",
        "player_nationality": "Indian",
        "player_dob": "07 July 1981"
      },
      {
        "player_name": "Ankit Sharma",
        "player_img_url": "http://static2.iplt20.com/players/284/32.png",
        "player_role": "Bowling All-rounder",
        "player_batting_style": "Left-handed",
        "player_bowling_style": "Left-arm orthodox spin",
        "player_nationality": "Indian",
        "player_dob": "20 April 1991"
      },
      {
        "player_name": "Baba Aparajith",
        "player_img_url": "http://static2.iplt20.com/players/284/1084.png",
        "player_role": "All-rounder",
        "player_batting_style": "Right-handed",
        "player_bowling_style": "Right-arm offbreak",
        "player_nationality": "Indian",
        "player_dob": "08 July 1994"
      },
      {
        "player_name": "Ravichandran Ashwin",
        "player_img_url": "http://static2.iplt20.com/players/284/8.png",
        "player_role": "Bowling All-rounder",
        "player_batting_style": "Right-handed",
        "player_bowling_style": "Right-arm off-spin",
        "player_nationality": "Indian",
        "player_dob": "17 September 1986"
      },
      {
        "player_name": "Murugan Ashwin",
        "player_img_url": "http://static2.iplt20.com/players/284/3187.png",
        "player_role": "Bowler",
        "player_batting_style": "Right-handed",
        "player_bowling_style": "Legbreak googly",
        "player_nationality": "Indian",
        "player_dob": "08 September 1990"
      },
      {
        "player_name": "Ankush Bains",
        "player_img_url": "http://static2.iplt20.com/players/284/1558.png",
        "player_role": "Wicketkeeper batsman",
        "player_batting_style": "Right-handed",
        "player_bowling_style": "-",
        "player_nationality": "Indian",
        "player_dob": "16 December 1995"
      },
      {
        "player_name": "Rajat Bhatia",
        "player_img_url": "http://iplstatic.s3.amazonaws.com/players/210/92.png",
        "player_role": "All-rounder",
        "player_batting_style": "Right-handed",
        "player_bowling_style": "Right-arm medium fast",
        "player_nationality": "Indian",
        "player_dob": "22 October 1979"
      },
      {
        "player_name": "Scott Boland",
        "player_img_url": "http://static2.iplt20.com/players/284/1475.png",
        "player_role": "Batting",
        "player_batting_style": "Right-handed",
        "player_bowling_style": "Right-arm fast-medium",
        "player_nationality": "Australian",
        "player_dob": "11 April 1989"
      },
      {
        "player_name": "Deepak Chahar",
        "player_img_url": "http://static2.iplt20.com/players/284/140.png",
        "player_role": "Bowler",
        "player_batting_style": "Right-handed",
        "player_bowling_style": "Right-arm medium",
        "player_nationality": "Indian",
        "player_dob": "07 August 1992"
      },
      {
        "player_name": "Ashok Dinda",
        "player_img_url": "http://static2.iplt20.com/players/284/48.png",
        "player_role": "Bowler",
        "player_batting_style": "Right-handed",
        "player_bowling_style": "Right-arm medium fast",
        "player_nationality": "Indian",
        "player_dob": "25 March 1984"
      },
      {
        "player_name": "Francois du Plessis",
        "player_img_url": "http://static2.iplt20.com/players/284/24.png",
        "player_role": "All-rounder",
        "player_batting_style": "Right-handed",
        "player_bowling_style": "Right-arm leg spin",
        "player_nationality": "South African",
        "player_dob": "13 July 1984"
      },
      {
        "player_name": "Peter Handscomb",
        "player_img_url": "http://static2.iplt20.com/players/284/932.png",
        "player_role": "Batsman",
        "player_batting_style": "Right-handed",
        "player_bowling_style": "-",
        "player_nationality": "Australian",
        "player_dob": "26 April 1991"
      },
      {
        "player_name": "Jaskaran Singh",
        "player_img_url": "http://static2.iplt20.com/players/284/395.png",
        "player_role": "Bowler",
        "player_batting_style": "Right-handed",
        "player_bowling_style": "Right-arm medium",
        "player_nationality": "Indian",
        "player_dob": "04 September 1989"
      },
      {
        "player_name": "Mitchell Marsh",
        "player_img_url": "http://static2.iplt20.com/players/284/221.png",
        "player_role": "All-rounder",
        "player_batting_style": "Right-handed",
        "player_bowling_style": "Right-arm medium",
        "player_nationality": "Australian",
        "player_dob": "20 October 1991"
      },
      {
        "player_name": "Albie Morkel",
        "player_img_url": "http://static2.iplt20.com/players/284/26.png",
        "player_role": "All-rounder",
        "player_batting_style": "Left-handed",
        "player_bowling_style": "Right-arm medium fast",
        "player_nationality": "South African",
        "player_dob": "10 June 1981"
      },
      {
        "player_name": "Ishwar Pandey",
        "player_img_url": "http://static2.iplt20.com/players/284/1090.png",
        "player_role": "Bowler",
        "player_batting_style": "Right-handed",
        "player_bowling_style": "Right-arm medium",
        "player_nationality": "Indian",
        "player_dob": "15 August 1989"
      },
      {
        "player_name": "Irfan Pathan",
        "player_img_url": "http://static2.iplt20.com/players/284/49.png",
        "player_role": "All-rounder",
        "player_batting_style": "Left-handed",
        "player_bowling_style": "Left-arm medium fast",
        "player_nationality": "Indian",
        "player_dob": "27 October 1984"
      },
      {
        "player_name": "Thisara Perera",
        "player_img_url": "http://static2.iplt20.com/players/284/215.png",
        "player_role": "All-rounder",
        "player_batting_style": "Left-handed",
        "player_bowling_style": "Right-arm medium fast",
        "player_nationality": "Sri Lankan",
        "player_dob": "03 April 1989"
      },
      {
        "player_name": "Kevin Pietersen",
        "player_img_url": "http://static2.iplt20.com/players/284/172.png",
        "player_role": "Batsman",
        "player_batting_style": "Right-handed",
        "player_bowling_style": "Right-arm off-spin",
        "player_nationality": "English",
        "player_dob": "27 June 1980"
      },
      {
        "player_name": "Ajinkya Rahane",
        "player_img_url": "http://static2.iplt20.com/players/284/135.png",
        "player_role": "Batsman",
        "player_batting_style": "Right-handed",
        "player_bowling_style": "Right-arm medium",
        "player_nationality": "Indian",
        "player_dob": "06 June 1988"
      },
      {
        "player_name": "Ishant Sharma",
        "player_img_url": "http://static2.iplt20.com/players/284/38.png",
        "player_role": "Bowler",
        "player_batting_style": "Right-handed",
        "player_bowling_style": "Right-arm medium fast",
        "player_nationality": "Indian",
        "player_dob": "02 September 1988"
      },
      {
        "player_name": "RP Singh",
        "player_img_url": "http://static2.iplt20.com/players/284/112.png",
        "player_role": "Bowler",
        "player_batting_style": "Right-handed",
        "player_bowling_style": "Left-arm medium",
        "player_nationality": "Indian",
        "player_dob": "06 December 1985"
      },
      {
        "player_name": "Steve Smith",
        "player_img_url": "http://static2.iplt20.com/players/284/271.png",
        "player_role": "Bowler",
        "player_batting_style": "Right-handed",
        "player_bowling_style": "Right-arm leg spin",
        "player_nationality": "Australian",
        "player_dob": "02 June 1989"
      },
      {
        "player_name": "Saurabh Tiwary",
        "player_img_url": "http://static2.iplt20.com/players/284/163.png",
        "player_role": "Batsman",
        "player_batting_style": "Left-handed",
        "player_bowling_style": "-",
        "player_nationality": "Indian",
        "player_dob": "30 December 1989"
      },
      {
        "player_name": "Adam Zampa",
        "player_img_url": "http://static2.iplt20.com/players/284/958.png",
        "player_role": "Bowler",
        "player_batting_style": "Right-handed",
        "player_bowling_style": "Legbreak googly",
        "player_nationality": "Australian",
        "player_dob": "31 March 1992"
      },
      {
        "player_name": "Usman Khawaja",
        "player_img_url": "http://static2.iplt20.com/players/284/948.png",
        "player_role": "Batsman",
        "player_batting_style": "Left-handed",
        "player_bowling_style": "-",
        "player_nationality": "Australian",
        "player_dob": "18 December 1986"
      },
      {
        "player_name": "George Bailey",
        "player_img_url": "http://static2.iplt20.com/players/284/271.png",
        "player_role": "Batsman",
        "player_batting_style": "Right-handed",
        "player_bowling_style": "Right-arm medium",
        "player_nationality": "Australian",
        "player_dob": "07 September 1982"
      },
      
      
      
      
      {
        "player_name": "Virat Kohli",
        "player_img_url": "http://static2.iplt20.com/players/284/164.png",
        "player_role": "Batsman",
        "player_batting_style": "Right-handed",
        "player_bowling_style": "Right-arm medium",
        "player_nationality": "Indian",
        "player_dob": "05 November 1988"
      },
      {
        "player_name": "Varun Aaron",
        "player_img_url": "http://static2.iplt20.com/players/284/61.png",
        "player_role": "Bowler",
        "player_batting_style": "Right-handed",
        "player_bowling_style": "Right-arm fast",
        "player_nationality": "Indian",
        "player_dob": "29 October 1989"
      },
      {
        "player_name": "Abu Nechim",
        "player_img_url": "http://static2.iplt20.com/players/284/98.png",
        "player_role": "Bowler",
        "player_batting_style": "Right-handed",
        "player_bowling_style": "Right-arm medium fast",
        "player_nationality": "Indian",
        "player_dob": "05 November 1988"
      },
      {
        "player_name": "Sreenath Aravind",
        "player_img_url": "http://static2.iplt20.com/players/284/162.png",
        "player_role": "Bowler",
        "player_batting_style": "Left-handed",
        "player_bowling_style": "Left-arm medium fast",
        "player_nationality": "Indian",
        "player_dob": "08 April 1984"
      },
      {
        "player_name": "Samuel Badree",
        "player_img_url": "http://static2.iplt20.com/players/284/590.png",
        "player_role": "Bowler",
        "player_batting_style": "Right-handed",
        "player_bowling_style": "Right-arm leg spin",
        "player_nationality": "West Indian",
        "player_dob": "09 March 1981"
      },
      {
        "player_name": "Stuart Binny",
        "player_img_url": "http://static2.iplt20.com/players/284/148.png",
        "player_role": "All-rounder",
        "player_batting_style": "Right-handed",
        "player_bowling_style": "Right-arm medium",
        "player_nationality": "Indian",
        "player_dob": "03 June 1984"
      },
      {
        "player_name": "Yuzvendra Chahal",
        "player_img_url": "http://static2.iplt20.com/players/284/111.png",
        "player_role": "Bowler",
        "player_batting_style": "Right-handed",
        "player_bowling_style": "Right-arm leg spin",
        "player_nationality": "Indian",
        "player_dob": "23 July 1990"
      },
      {
        "player_name": "AB de Villiers",
        "player_img_url": "http://static2.iplt20.com/players/284/233.png",
        "player_role": "Wicketkeeper batsman",
        "player_batting_style": "Right-handed",
        "player_bowling_style": "Right-arm medium",
        "player_nationality": "Indian",
        "player_dob": "17 February 1984"
      },
      {
        "player_name": "Praveen Dubey",
        "player_img_url": "http://static2.iplt20.com/players/284/3188.png",
        "player_role": "Bowling all-rounder",
        "player_batting_style": "Right-handed",
        "player_bowling_style": "-",
        "player_nationality": "Indian",
        "player_dob": "01 July 1993"
      },
      {
        "player_name": "Chris Gayle",
        "player_img_url": "http://static2.iplt20.com/players/284/236.png",
        "player_role": "All-rounder",
        "player_batting_style": "Left-handed",
        "player_bowling_style": "Right-arm off-spin",
        "player_nationality": "West Indian",
        "player_dob": "21 September 1979"
      },
      {
        "player_name": "Travis Head",
        "player_img_url": "http://static2.iplt20.com/players/284/1020.png",
        "player_role": "Batsman",
        "player_batting_style": "Left-handed",
        "player_bowling_style": "Right-arm off-break",
        "player_nationality": "Australian",
        "player_dob": "29 December 1993"
      },
      {
        "player_name": "Iqbal Abdulla",
        "player_img_url": "http://static2.iplt20.com/players/284/85.png",
        "player_role": "Bowler",
        "player_batting_style": "Left-handed",
        "player_bowling_style": "Left-arm orthodox spin",
        "player_nationality": "Indian",
        "player_dob": "02 December 1989"
      },
      {
        "player_name": "Kedar Jadhav",
        "player_img_url": "http://static2.iplt20.com/players/284/297.png",
        "player_role": "Batsman",
        "player_batting_style": "Right-handed",
        "player_bowling_style": "Right-arm off-spin",
        "player_nationality": "Indian",
        "player_dob": "26 March 1985"
      },
      {
        "player_name": "Akshay Karnewar",
        "player_img_url": "http://static2.iplt20.com/players/284/3189.png",
        "player_role": "Bowling",
        "player_batting_style": "-",
        "player_bowling_style": "-",
        "player_nationality": "Indian",
        "player_dob": "12 October 1992"
      },
      {
        "player_name": "Sarfaraz Khan",
        "player_img_url": "http://static2.iplt20.com/players/284/1564.png",
        "player_role": "Batsman",
        "player_batting_style": "Right-hand",
        "player_bowling_style": "Right-arm off-spin",
        "player_nationality": "Indian",
        "player_dob": "22 October 1997"
      },
      {
        "player_name": "Vikramjeet Malik",
        "player_img_url": "http://static2.iplt20.com/players/284/82.png",
        "player_role": "Bowler",
        "player_batting_style": "Right-handed",
        "player_bowling_style": "Right-arm medium",
        "player_nationality": "Indian",
        "player_dob": "09 May 1983"
      },
      {
        "player_name": "Mandeep Singh",
        "player_img_url": "http://static2.iplt20.com/players/284/72.png",
        "player_role": "All-rounder",
        "player_batting_style": "Right-handed",
        "player_bowling_style": "Right-arm medium",
        "player_nationality": "Indian",
        "player_dob": "18 December 1991"
      },
      {
        "player_name": "Adam Milne",
        "player_img_url": "http://static2.iplt20.com/players/284/434.png",
        "player_role": "Bowler",
        "player_batting_style": "Right-handed",
        "player_bowling_style": "Right-arm fast",
        "player_nationality": "New Zealander",
        "player_dob": "13 April 1992"
      },
      {
        "player_name": "Harshal Patel",
        "player_img_url": "http://static2.iplt20.com/players/284/157.png",
        "player_role": "Bowler",
        "player_batting_style": "Right-handed",
        "player_bowling_style": "Right-arm medium",
        "player_nationality": "Indian",
        "player_dob": "23 November 1990"
      },
      {
        "player_name": "Lokesh Rahul",
        "player_img_url": "http://static2.iplt20.com/players/284/1125.png",
        "player_role": "Wicketkeeper Batsman",
        "player_batting_style": "Right-handed",
        "player_bowling_style": "-",
        "player_nationality": "Indian",
        "player_dob": "18 April 1992"
      },
      {
        "player_name": "Parveez Rasool",
        "player_img_url": "http://static2.iplt20.com/players/284/1093.png",
        "player_role": "Bowling All-rounder",
        "player_batting_style": "Right-handed",
        "player_bowling_style": "Right-arm off-spin",
        "player_nationality": "Indian",
        "player_dob": "13 February 1989"
      },
      {
        "player_name": "Kane Richardson",
        "player_img_url": "http://static2.iplt20.com/players/284/798.png",
        "player_role": "Bowler",
        "player_batting_style": "Right-handed",
        "player_bowling_style": "Right-arm medium fast",
        "player_nationality": "Australian",
        "player_dob": "12 February 1991"
      },
      {
        "player_name": "Sachin Baby",
        "player_img_url": "http://static2.iplt20.com/players/284/1115.png",
        "player_role": "Batsman",
        "player_batting_style": "Left-handed",
        "player_bowling_style": "Right-arm off-spin",
        "player_nationality": "Indian",
        "player_dob": "18 December 1988"
      },
      {
        "player_name": "Mitchell Starc",
        "player_img_url": "http://static2.iplt20.com/players/284/490.png",
        "player_role": "Bowler",
        "player_batting_style": "Left-handed",
        "player_bowling_style": "Left-arm fast-medium",
        "player_nationality": "Australian",
        "player_dob": "30 January 1990"
      },
      {
        "player_name": "Vikas Tokas",
        "player_img_url": "http://static2.iplt20.com/players/284/3190.png",
        "player_role": "Bowler",
        "player_batting_style": "Right-handed",
        "player_bowling_style": "Right-arm medium",
        "player_nationality": "Indian",
        "player_dob": "16 October 1986"
      },
      {
        "player_name": "Shane Watson",
        "player_img_url": "http://static2.iplt20.com/players/284/227.png",
        "player_role": "All-rounder",
        "player_batting_style": "Right-handed",
        "player_bowling_style": "Right-arm medium fast",
        "player_nationality": "Australian",
        "player_dob": "17 June 1981"
      },
      {
        "player_name": "David Wiese",
        "player_img_url": "http://static2.iplt20.com/players/284/869.png",
        "player_role": "All-rounder",
        "player_batting_style": "Right-hand",
        "player_bowling_style": "Right-arm medium-fast",
        "player_nationality": "South African",
        "player_dob": "18 May 1985"
      },
      {
        "player_name": "Tabraiz Shamsi",
        "player_img_url": "http://static2.iplt20.com/players/284/3309.png",
        "player_role": "Bowler",
        "player_batting_style": "-",
        "player_bowling_style": "Left-Arm Chinaman",
        "player_nationality": "South African",
        "player_dob": "18 February 1990"
      },
      {
        "player_name": "Chris Jordan",
        "player_img_url": "http://static2.iplt20.com/players/284/1299.png",
        "player_role": "Bowler",
        "player_batting_style": "Right-hand",
        "player_bowling_style": "Right-arm fast",
        "player_nationality": "English",
        "player_dob": "04 October 1988"
      },
      
      
      
      {
        "player_name": "David Warner",
        "player_img_url": "http://static2.iplt20.com/players/284/170.png",
        "player_role": "Batsman",
        "player_batting_style": "Left-handed",
        "player_bowling_style": "Right-arm leg spin",
        "player_nationality": "Australian",
        "player_dob": "27 October 1986"
      },
      {
        "player_name": "Ashish Reddy",
        "player_img_url": "http://static2.iplt20.com/players/284/34.png",
        "player_role": "Bowler",
        "player_batting_style": "Right-handed",
        "player_bowling_style": "Right-arm medium",
        "player_nationality": "Indian",
        "player_dob": "24 February 1981"
      },
      {
        "player_name": "Ricky Bhui",
        "player_img_url": "http://static2.iplt20.com/players/284/1555.png",
        "player_role": "Batsman",
        "player_batting_style": "Right-handed",
        "player_bowling_style": "Right-arm leg spin",
        "player_nationality": "Indian",
        "player_dob": "29 September 1996"
      },
      {
        "player_name": "Bipul Sharma",
        "player_img_url": "http://static2.iplt20.com/players/284/69.png",
        "player_role": "All-rounder",
        "player_batting_style": "Left-handed",
        "player_bowling_style": "Left-arm orthodox spin",
        "player_nationality": "Indian",
        "player_dob": "28 September 1983"
      },
      {
        "player_name": "Trent Boult",
        "player_img_url": "http://static2.iplt20.com/players/284/969.png",
        "player_role": "Bowler",
        "player_batting_style": "Right-hand",
        "player_bowling_style": "Left-arm fast-medium",
        "player_nationality": "New Zealander",
        "player_dob": "22 July 1989"
      },
      {
        "player_name": "Ben Cutting",
        "player_img_url": "http://static2.iplt20.com/players/284/913.png",
        "player_role": "Bowler",
        "player_batting_style": "Right-handed",
        "player_bowling_style": "Right-arm fast-medium",
        "player_nationality": "Australian",
        "player_dob": "30 January 1987"
      },
      {
        "player_name": "Shikhar Dhawan",
        "player_img_url": "http://static2.iplt20.com/players/284/41.png",
        "player_role": "Batsman",
        "player_batting_style": "Left-handed",
        "player_bowling_style": "-",
        "player_nationality": "Indian",
        "player_dob": "05 December 1985"
      },
      {
        "player_name": "Moises Henriques",
        "player_img_url": "http://static2.iplt20.com/players/284/388.png",
        "player_role": "All-rounder",
        "player_batting_style": "Right-handed",
        "player_bowling_style": "Right-arm medium fast",
        "player_nationality": "Australian",
        "player_dob": "01 February 1987"
      },
      {
        "player_name": "Deepak Hooda",
        "player_img_url": "http://static2.iplt20.com/players/284/1556.png",
        "player_role": "Bowling All-rounder",
        "player_batting_style": "Right-handed",
        "player_bowling_style": "Right-arm off-spin",
        "player_nationality": "Indian",
        "player_dob": "19 April 1995"
      },
      {
        "player_name": "Siddarth Kaul",
        "player_img_url": "http://static2.iplt20.com/players/284/1086.png",
        "player_role": "Bowler",
        "player_batting_style": "Right-handed",
        "player_bowling_style": "Right-arm medium fast",
        "player_nationality": "Indian",
        "player_dob": "19 May 1990"
      },
      {
        "player_name": "Bhuvneshwar Kumar",
        "player_img_url": "http://static2.iplt20.com/players/284/116.png",
        "player_role": "Bowler",
        "player_batting_style": "Right-handed",
        "player_bowling_style": "Right-arm medium",
        "player_nationality": "Indian",
        "player_dob": "05 December 1990"
      },
      {
        "player_name": "Abhimanyu Mithun",
        "player_img_url": "http://static2.iplt20.com/players/284/151.png",
        "player_role": "Bowler",
        "player_batting_style": "Right-handed",
        "player_bowling_style": "Right-arm medium fast",
        "player_nationality": "Indian",
        "player_dob": "25 October 1989"
      },
      {
        "player_name": "Eoin Morgan",
        "player_img_url": "http://static2.iplt20.com/players/284/197.png",
        "player_role": "Batsman",
        "player_batting_style": "Left-handed",
        "player_bowling_style": "Right-arm medium",
        "player_nationality": "English",
        "player_dob": "10 September 1986"
      },
      {
        "player_name": "Mustafizur Rahman",
        "player_img_url": "http://static2.iplt20.com/players/284/1594.png",
        "player_role": "Bowler",
        "player_batting_style": "Right-handed",
        "player_bowling_style": "Left-arm fast",
        "player_nationality": "Bangladeshi",
        "player_dob": "06 September 1995"
      },
      {
        "player_name": "Ashish Nehra",
        "player_img_url": "http://static2.iplt20.com/players/284/115.png",
        "player_role": "Bowler",
        "player_batting_style": "Right-handed",
        "player_bowling_style": "Left-arm medium fast",
        "player_nationality": "Indian",
        "player_dob": "29 April 1979"
      },
      {
        "player_name": "Naman Ojha",
        "player_img_url": "http://static2.iplt20.com/players/284/52.png",
        "player_role": "Wicketkeeper batsman",
        "player_batting_style": "Right-handed",
        "player_bowling_style": "-",
        "player_nationality": "Indian",
        "player_dob": "20 July 1983"
      },
      {
        "player_name": "Vijay Shankar",
        "player_img_url": "http://static2.iplt20.com/players/284/1083.png",
        "player_role": "All-rounder",
        "player_batting_style": "Right-handed",
        "player_bowling_style": "Right-arm offbreak",
        "player_nationality": "Indian",
        "player_dob": "26 January 1991"
      },
      {
        "player_name": "Karn Sharma",
        "player_img_url": "http://static2.iplt20.com/players/284/1118.png",
        "player_role": "All-rounder",
        "player_batting_style": "Left-handed",
        "player_bowling_style": "Right-arm leg spin",
        "player_nationality": "Indian",
        "player_dob": "23 October 1987"
      },
      {
        "player_name": "Barinder Sran",
        "player_img_url": "http://static2.iplt20.com/players/284/2746.png",
        "player_role": "Bowler",
        "player_batting_style": "-",
        "player_bowling_style": "Left-arm medium",
        "player_nationality": "Indian",
        "player_dob": "10 December 1992"
      },
      {
        "player_name": "Tirumalasetti Suman",
        "player_img_url": "http://static2.iplt20.com/players/284/110.png",
        "player_role": "Batsman",
        "player_batting_style": "Right-handed",
        "player_bowling_style": "Right-arm off-spin",
        "player_nationality": "Indian",
        "player_dob": "15 December 1983"
      },
      {
        "player_name": "Aditya Tare",
        "player_img_url": "http://static2.iplt20.com/players/284/99.png",
        "player_role": "Wicketkeeper Batsman",
        "player_batting_style": "Right-handed",
        "player_bowling_style": "-",
        "player_nationality": "Indian",
        "player_dob": "27 February 2012"
      },
      {
        "player_name": "Kane Williamson",
        "player_img_url": "http://static2.iplt20.com/players/284/440.png",
        "player_role": "Batsman",
        "player_batting_style": "Right-hand",
        "player_bowling_style": "Right-arm off-spin",
        "player_nationality": "New Zealander",
        "player_dob": "08 August 1990"
      },
      {
        "player_name": "Yuvraj Singh",
        "player_img_url": "http://static2.iplt20.com/players/284/113.png",
        "player_role": "All-rounder",
        "player_batting_style": "Left-handed",
        "player_bowling_style": "Left-arm orthodox spin",
        "player_nationality": "Indian",
        "player_dob": "12 December 1981"
      }
    ]
      
      