[
  {
    "player_name": "Akhil Herwadkar",
    "player_img_url": "DelhiDareDevils/akhil_herwadkar.png",
    "player_role": "Batsman",
    "player_batting_style": "left_handed",
    "player_bowling_style": "Off-spin and medium pace",
    "player_nationality": "Indian",
    "player_dob": "31 October 1994",
    "destination_folder_name": "/IPL/delhi daredevils/"
  },
  {
    "player_name": "Amit Mishra",
    "player_img_url": "DelhiDareDevils/amit_mishra.png",
    "player_role": "Bowler",
    "player_batting_style": "Right-handed",
    "player_bowling_style": "Right-arm leg spin",
    "player_nationality": "Indian",
    "player_dob": "24 November 1982",
    "destination_folder_name": "/IPL/delhi daredevils/"
  },
  {
    "player_name": "Carlos Barathwaite",
    "player_img_url": "DelhiDareDevils/carlos_brathwaite.png",
    "player_role": "All-rounder",
    "player_batting_style": "Right-handed",
    "player_bowling_style": "Right-arm fast-medium",
    "player_nationality": "West Indian",
    "player_dob": "18 July 1988",
    "destination_folder_name": "/IPL/delhi daredevils/"
  },
  {
    "player_name": "Chama Milind",
    "player_img_url": "DelhiDareDevils/chama_milind.png",
    "player_role": "Bowler",
    "player_batting_style": "Left-handed",
    "player_bowling_style": "Left-arm medium",
    "player_nationality": "Indian",
    "player_dob": "04 September 1994",
    "destination_folder_name": "/IPL/delhi daredevils/"
  },
  {
    "player_name": "Imran Tahir",
    "player_img_url": "DelhiDareDevils/imran_tahir.png",
    "player_role": "Bowler",
    "player_batting_style": "Right-handed",
    "player_bowling_style": "Leg-spinner",
    "player_nationality": "South African",
    "player_dob": "27 March 1979",
    "destination_folder_name": "/IPL/delhi daredevils/"
  },
  {
    "player_name": "Jayant Yadav",
    "player_img_url": "DelhiDareDevils/jayant_yadav.png",
    "player_role": "Bowler",
    "player_batting_style": "Right-handed",
    "player_bowling_style": "Right-arm off-spin",
    "player_nationality": "Indian",
    "player_dob": "22 January 1990",
    "destination_folder_name": "/IPL/delhi daredevils/"
  },
  {
    "player_name": "J P Duminy",
    "player_img_url": "DelhiDareDevils/jp_duminy.png",
    "player_role": "Batting All-rounder",
    "player_batting_style": "Left-handed",
    "player_bowling_style": "Right-arm off-spin",
    "player_nationality": "South African",
    "player_dob": "14 April 1984",
    "destination_folder_name": "/IPL/delhi daredevils/"
  },
  {
    "player_name": "Karun Nair",
    "player_img_url": "DelhiDareDevils/karun_nair.png",
    "player_role": "Batting All-rounder",
    "player_batting_style": "Right-handed",
    "player_bowling_style": "Right-arm off-spin",
    "player_nationality": "Indian",
    "player_dob": "06 December 1991",
    "destination_folder_name": "/IPL/delhi daredevils/"
  },
  {
    "player_name": "Khaleel Ahemed",
    "player_img_url": "DelhiDareDevils/khaleel_ahmed.png",
    "player_role": "Bowler",
    "player_batting_style": "Right-handed",
    "player_bowling_style": "Left-arm medium pace",
    "player_nationality": "Indian",
    "player_dob": "05 December 1997",
    "destination_folder_name": "/IPL/delhi daredevils/"
  },
  {
    "player_name": "Mahipal Lomor",
    "player_img_url": "DelhiDareDevils/mahipal_lomror.png",
    "player_role": "All-rounder",
    "player_batting_style": "Left-handed",
    "player_bowling_style": "Left-arm spin",
    "player_nationality": "Indian",
    "player_dob": "16 November 1999",
    "destination_folder_name": "/IPL/delhi daredevils/"
  },
  {
    "player_name": "Mayank Agarwal",
    "player_img_url": "DelhiDareDevils/mayank_agarwal.png",
    "player_role": "Batsman",
    "player_batting_style": "Right-handed",
    "player_bowling_style": "-",
    "player_nationality": "Indian",
    "player_dob": "18 February 1991",
    "destination_folder_name": "/IPL/delhi daredevils/"
  },
  {
    "player_name": "Mohammed Shami",
    "player_img_url": "DelhiDareDevils/mohammed_shami.png",
    "player_role": "Bowler",
    "player_batting_style": "Right-handed",
    "player_bowling_style": "Right-arm medium",
    "player_nationality": "Indian",
    "player_dob": "09 March 1990",
    "destination_folder_name": "/IPL/delhi daredevils/"
  },
  {
    "player_name": "Nathan Coulter-Nile",
    "player_img_url": "DelhiDareDevils/nathan_coulter_nile.png",
    "player_role": "Bowler",
    "player_batting_style": "Right-handed",
    "player_bowling_style": "Right-arm fast",
    "player_nationality": "Australian",
    "player_dob": "11 October 1987",
    "destination_folder_name": "/IPL/delhi daredevils/"
  },
  {
    "player_name": "Pawan Negi",
    "player_img_url": "DelhiDareDevils/pawan_negi.png",
    "player_role": "Bowling All-rounder",
    "player_batting_style": "Left-handed",
    "player_bowling_style": "Left-arm orthodox spin",
    "player_nationality": "Indian",
    "player_dob": "06 January 1983",
    "destination_folder_name": "/IPL/delhi daredevils/"
  },
  {
    "player_name": "Pawan Suyal",
    "player_img_url": "DelhiDareDevils/pawan_suyal.png",
    "player_role": "Bowler",
    "player_batting_style": "Right-handed",
    "player_bowling_style": "Left-arm medium",
    "player_nationality": "Indian",
    "player_dob": "15 October 1989",
    "destination_folder_name": "/IPL/delhi daredevils/"
  },
  {
    "player_name": "Pratyush Singh",
    "player_img_url": "DelhiDareDevils/pratyush_singh.png",
    "player_role": "Batsman",
    "player_batting_style": "Right-handed",
    "player_bowling_style": "Right-arm leg-break",
    "player_nationality": "Indian",
    "player_dob": "04 September 1994",
    "destination_folder_name": "/IPL/delhi daredevils/"
  },
  {
    "player_name": "Quinton de Kock",
    "player_img_url": "DelhiDareDevils/quinton_de_kock.png",
    "player_role": "Wicketkeeper batsman",
    "player_batting_style": "Left-handed",
    "player_bowling_style": "-",
    "player_nationality": "South African",
    "player_dob": "17 December 1992",
    "destination_folder_name": "/IPL/delhi daredevils/"
  },
  {
    "player_name": "Rishabh Pant",
    "player_img_url": "DelhiDareDevils/rishabh_pant.png",
    "player_role": "Wicketkeeper-batsman",
    "player_batting_style": "Left-handed",
    "player_bowling_style": "Right-arm leg-break",
    "player_nationality": "Indian",
    "player_dob": "04 October 1997",
    "destination_folder_name": "/IPL/delhi daredevils/"
  },
  {
    "player_name": "Sam Billings",
    "player_img_url": "DelhiDareDevils/sam_billings.png",
    "player_role": "Wicketkeeper Batsman",
    "player_batting_style": "Right-handed",
    "player_bowling_style": "-",
    "player_nationality": "English",
    "player_dob": "15 June 1991",
    "destination_folder_name": "/IPL/delhi daredevils/"
  },
  {
    "player_name": "Sanju Samson",
    "player_img_url": "DelhiDareDevils/sanju_samson.png",
    "player_role": "Wicketkeeper Batsman",
    "player_batting_style": "Right-handed",
    "player_bowling_style": "-",
    "player_nationality": "Indian",
    "player_dob": "11 November 1994",
    "destination_folder_name": "/IPL/delhi daredevils/"
  },
  {
    "player_name": "Shahbaz Nadeem",
    "player_img_url": "DelhiDareDevils/shahbaz_nadeem.png",
    "player_role": "Bowler",
    "player_batting_style": "Left-handed",
    "player_bowling_style": "Left-arm orthodox spin",
    "player_nationality": "Indian",
    "player_dob": "12 August 1989",
    "destination_folder_name": "/IPL/delhi daredevils/"
  },
  {
    "player_name": "Shreyas Iyer",
    "player_img_url": "DelhiDareDevils/shreyas_iyer.png",
    "player_role": "Batsman",
    "player_batting_style": "Right-handed",
    "player_bowling_style": "Right-arm off-break",
    "player_nationality": "Indian",
    "player_dob": "06 December 1994",
    "destination_folder_name": "/IPL/delhi daredevils/"
  },
  {
    "player_name": "Zaheer Khan",
    "player_img_url": "DelhiDareDevils/zaheer_khan.png",
    "player_role": "Bowler",
    "player_batting_style": "Right-handed",
    "player_bowling_style": "Left-arm medium fast",
    "player_nationality": "Indian",
    "player_dob": "07 October 1978",
    "destination_folder_name": "/IPL/delhi daredevils/"
  }
]
