[
 {
   "player_name": "Rohit Sharma",
   "player_img_url": "MumbaiIndians/rohit_sharma.png",
   "player_role": "Batsman",
   "player_batting_style": "Right-handed",
   "player_bowling_style": "Right-arm off-spin",
   "player_nationality": "Indian",
   "player_dob": "30 April 1987",
   "destination_folder_name":"/IPL/Mumbai-Indians/"
 },
 {
   "player_name": "Akshay Wakhare",
   "player_img_url": "MumbaiIndians/akshay_wakhare.png",
   "player_role": "Bowler",
   "player_batting_style": "Right-handed",
   "player_bowling_style": "Right-arm off-break",
   "player_nationality": "Indian",
   "player_dob": "03 October 1985",
   "destination_folder_name":"/IPL/Mumbai-Indians/"
 },
 {
   "player_name": "Ambati Rayudu",
   "player_img_url": "MumbaiIndians/ambati_rayudu.png",
   "player_role": "Wicketkeeper batsman",
   "player_batting_style": "Right-handed",
   "player_bowling_style": "Right-arm off-spin",
   "player_nationality": "Indian",
   "player_dob": "23 September 1985",
   "destination_folder_name":"/IPL/Mumbai-Indians/"
 },
 {
   "player_name": "Corey Anderson",
   "player_img_url": "MumbaiIndians/corey_anderson.png",
   "player_role": "All-rounder",
   "player_batting_style": "Left-handed",
   "player_bowling_style": "Left-arm medium fast",
   "player_nationality": "New Zealander",
   "player_dob": "13 December 1990",
   "destination_folder_name":"/IPL/Mumbai-Indians/"
 },
 {
   "player_name": "Deepak Punia",
   "player_img_url": "MumbaiIndians/deepak_punia.png",
   "player_role": "Bowler",
   "player_batting_style": "Right-handed",
   "player_bowling_style": "Right-arm medium",
   "player_nationality": "Indian",
   "player_dob": "27 September 1993",
   "destination_folder_name":"/IPL/Mumbai-Indians/"
 },
 {
   "player_name": "Harbhajan Singh",
   "player_img_url": "MumbaiIndians/harbhajan_singh.png",
   "player_role": "Bowling All-rounder",
   "player_batting_style": "Right-handed",
   "player_bowling_style": "Right-arm off-spin",
   "player_nationality": "Indian",
   "player_dob": "03 July 1980",
   "destination_folder_name":"/IPL/Mumbai-Indians/"
 },
 {
   "player_name": "Hardik Pandya",
   "player_img_url": "MumbaiIndians/hardik_pandya.png",
   "player_role": "All-rounder",
   "player_batting_style": "Right-hand",
   "player_bowling_style": "Right-arm medium fast",
   "player_nationality": "Indian",
   "player_dob": "11 October 1993",
   "destination_folder_name":"/IPL/Mumbai-Indians/"
 },
 {
   "player_name": "Jagadeesha Suchith",
   "player_img_url": "MumbaiIndians/jagadeesha_suchith.png",
   "player_role": "Bowler",
   "player_batting_style": "Left-hand",
   "player_bowling_style": "Slow left-arm orthodox",
   "player_nationality": "Indian",
   "player_dob": "16 January 1994",
   "destination_folder_name":"/IPL/Mumbai-Indians/"
 },
 {
   "player_name": "Jasprit Bumrah",
   "player_img_url": "MumbaiIndians/jasprit_bumrah.png",
   "player_role": "Bowler",
   "player_batting_style": "Right-handed",
   "player_bowling_style": "Right-arm medium",
   "player_nationality": "Indian",
   "player_dob": "06 December 1993",
   "destination_folder_name":"/IPL/Mumbai-Indians/"
 },
 {
   "player_name": "Jitesh Sharma",
   "player_img_url": "MumbaiIndians/jitesh_sharma.png",
   "player_role": "Wicketkeeper-batsman",
   "player_batting_style": "Right-handed",
   "player_bowling_style": "-",
   "player_nationality": "Indian",
   "player_dob": "22 October 1993",
   "destination_folder_name":"/IPL/Mumbai-Indians/"
 },
 {
   "player_name": "Jerome Taylor",
   "player_img_url": "MumbaiIndians/jerome_taylor.png",
   "player_role": "Bowler",
   "player_batting_style": "Right-handed",
   "player_bowling_style": "Right-arm fast",
   "player_nationality": "West Indian",
   "player_dob": "22 June 1984",
   "destination_folder_name":"/IPL/Mumbai-Indians/"
 },
 {
   "player_name": "Jos Buttler",
   "player_img_url": "MumbaiIndians/jos_buttler.png",
   "player_role": "Wicketkeeper-batsman",
   "player_batting_style": "Right-handed",
   "player_bowling_style": "-",
   "player_nationality": "English",
   "player_dob": "08 September 1990",
   "destination_folder_name":"/IPL/Mumbai-Indians/"
 },
 {
   "player_name": "Kieron Pollard",
   "player_img_url": "MumbaiIndians/kieron_pollard.png",
   "player_role": "All-rounder",
   "player_batting_style": "Right-handed",
   "player_bowling_style": "Right-arm medium",
   "player_nationality": "West Indian",
   "player_dob": "12 May 1987",
   "destination_folder_name":"/IPL/Mumbai-Indians/"
 },
 {
   "player_name": "Kishore Kamath",
   "player_img_url": "MumbaiIndians/kishore_kamath.png",
   "player_role": "All-rounder",
   "player_batting_style": "Right-handed",
   "player_bowling_style": "Right-arm leg spin",
   "player_nationality": "Indian",
   "player_dob": "31 January 1995",
   "destination_folder_name":"/IPL/Mumbai-Indians/"
 },
 {
   "player_name": "Krunal Pandya",
   "player_img_url": "MumbaiIndians/krunal_pandya.png",
   "player_batting_style" : "Left-handed",
   "player_bowling_style": "Left-arm orthodox",
   "player_nationality": "Indian",
   "player_dob": "24 March 1991",
   "destination_folder_name":"/IPL/Mumbai-Indians/"
 },
 {
   "player_name": "Lasith Malinga",
   "player_img_url": "MumbaiIndians/lasith_malinga.png",
   "player_role": "Bowler",
   "player_batting_style": "Right-handed",
   "player_bowling_style": "Right-arm fast",
   "player_nationality": "Sri Lankan",
   "player_dob": "28 August 1983",
   "destination_folder_name":"/IPL/Mumbai-Indians/"
 },
 {
   "player_name": "Lendl Simmons",
   "player_img_url": "MumbaiIndians/lendl_simmons.png",
   "player_role": "Batsman",
   "player_batting_style": "Right-handed",
   "player_bowling_style": "Right-arm medium-fast",
   "player_nationality": "West Indian",
   "player_dob": "25 January 1985",
   "destination_folder_name":"/IPL/Mumbai-Indians/"
 },
 {
   "player_name": "Marchant de Lange",
   "player_img_url": "MumbaiIndians/marchant_de_lange.png",
   "player_role": "Bowler",
   "player_batting_style": "Right-handed",
   "player_bowling_style": "Right-arm medium fast",
   "player_nationality": "South African",
   "player_dob": "13 October 1990",
   "destination_folder_name":"/IPL/Mumbai-Indians/"
 },
 {
   "player_name": "Mitchell McClenaghan",
   "player_img_url": "MumbaiIndians/mitchell_mcclenaghan.png",
   "player_role": "Bowler",
   "player_batting_style": "Left-handed",
   "player_bowling_style": "Left-arm medium-fast",
   "player_nationality": "New Zealander",
   "player_dob": "11 June 1986",
   "destination_folder_name":"/IPL/Mumbai-Indians/"
 },
 {
   "player_name": "Martin Guptill",
   "player_img_url": "MumbaiIndians/martin_guptill.png",
   "player_role": "Bowler",
   "player_batting_style": "Left-handed",
   "player_bowling_style": "Left-arm medium-fast",
   "player_nationality": "New Zealander",
   "player_dob": "11 June 1986",
   "destination_folder_name":"/IPL/Mumbai-Indians/"
 },
 {
   "player_name": "Nathu Singh",
   "player_img_url": "MumbaiIndians/nathu_singh.png",
   "player_role": "Bowler",
   "player_batting_style": "-",
   "player_bowling_style": "-",
   "player_nationality": "Indian",
   "player_dob": "12 August 1989",
   "destination_folder_name":"/IPL/Mumbai-Indians/"
 },
 {
   "player_name": "Nitish Rana",
   "player_img_url": "MumbaiIndians/nitish_rana.png",
   "player_role": "Batsman",
   "player_batting_style": "Left-handed",
   "player_bowling_style": "Right-arm off-break",
   "player_nationality": "Indian",
   "destination_folder_name":"/IPL/Mumbai-Indians/",
   "player_dob": "27 December 1993",
   "destination_folder_name":"/IPL/Mumbai-Indians/"
 },
 {
   "player_name": "Parthiv Patel",
   "player_img_url": "MumbaiIndians/parthiv_patel.png",
   "player_role": "Wicketkeeper batsman",
   "player_batting_style": "Left-handed",
   "player_bowling_style": "-",
   "player_nationality": "Indian",
   "player_dob": "09 March 1985",
   "destination_folder_name":"/IPL/Mumbai-Indians/"
 },
 {
   "player_name": "Shreyas Gopal",
   "player_img_url": "MumbaiIndians/shreyas_gopal.png",
   "player_role": "All-rounder",
   "player_batting_style": "Right-handed",
   "player_bowling_style": "Right-arm leg spin",
   "player_nationality": "Indian",
   "player_dob": "04 September 1993",
   "destination_folder_name":"/IPL/Mumbai-Indians/"
 },
 {
   "player_name": "Siddhesh Lad",
   "player_img_url": "MumbaiIndians/siddhesh_lad.png",
   "player_role": "Batsman",
   "player_batting_style": "Right-handed",
   "player_bowling_style": "RIght-arm off-spin",
   "player_nationality": "Indian",
   "player_dob": "23 May 1992",
   "destination_folder_name":"/IPL/Mumbai-Indians/"
 },
 {
   "player_name": "Tim Southee",
   "player_img_url": "MumbaiIndians/tim_southee.png",
   "player_role": "Bowler",
   "player_batting_style": "Right-handed",
   "player_bowling_style": "Right-arm medium fast",
   "player_nationality": "New Zealander",
   "player_dob": "11 December 1988",
   "destination_folder_name":"/IPL/Mumbai-Indians/"
 },
 {
   "player_name": "Unmukt Chand",
   "player_img_url": "MumbaiIndians/unmukt_chand.png",
   "player_role": "Batsman",
   "player_batting_style": "Right-handed",
   "player_bowling_style": "Right-arm off-spin",
   "player_nationality": "Indian",
   "player_dob": "26 March 1993",
   "destination_folder_name":"/IPL/Mumbai-Indians/"
 },
 {
   "player_name": "Vinay Kumar",
   "player_img_url": "MumbaiIndians/vinay_kumar.png",
   "player_role": "Bowler",
   "player_batting_style": "Right-handed",
   "player_bowling_style": "Right-arm medium fast",
   "player_nationality": "Indian",
   "player_dob": "12 February 1984",
   "destination_folder_name":"/IPL/Mumbai-Indians/"
 }
]

