[
  {
    "team_name": "Delhi Daredevils",
    "team_coach": "Paddy Upton",
    "team_captain": "Zaheer Khan",
    "team_home_venue": "Feroz Shah Kotla Ground",
    "team_owner": "GMR Sports Pvt Ltd",
	"destination_folder_name" : "/IPL/"
  },
  {
    "team_name": "Gujarat Lions",
    "team_coach": "Brad Hodge",
    "team_captain": "Suresh Raina",
    "team_home_venue": "Saurashtra Cricket Association Stadium",
    "team_owner": "Intex Technologies",
"destination_folder_name" : "/IPL/"
  },
  {
    "team_name": "Kings XI Punjab",
    "team_coach": "Sanjay Bangar",
    "team_captain": "Murali Vijay",
    "team_home_venue": "IS Bindra Stadium",
    "team_owner": "KPH Dream Cricket Private Limited",
"destination_folder_name" : "/IPL/"
  },
  {
    "team_name": "Kolkata Knight Riders",
    "team_coach": "Jacques Kallis",
    "team_captain": "Gautam Gambhir",
    "team_home_venue": "Eden Gardens",
    "team_owner": "Knight Riders Sports Private Ltd",
"destination_folder_name" : "/IPL/"
  },
  {
    "team_name": "Mumbai Indians",
    "team_coach": "Ricky Ponting",
    "team_captain": "Rohit Sharma",
    "team_home_venue": "Wankhede Stadium",
    "team_owner": "Indiawin Sports Pvt. Ltd",
"destination_folder_name" : "/IPL/"
  },
  {
    "team_name": "Rising Pune Supergiants",
    "team_coach": "Stephen Fleming",
    "team_captain": "MS Dhoni",
    "team_home_venue": "Maharashtra Cricket Association's International Stadium",
    "team_owner": "RPSG Group",
"destination_folder_name" : "/IPL/"
  },
  {
    "team_name": "Royal Challengers Bangalore",
    "team_coach": "Daniel Vettori",
    "team_captain": "Virat Kohli",
    "team_home_venue": "M. Chinnaswamy Stadium",
    "team_owner": "Royal Challengers Sports Private Ltd",
"destination_folder_name" : "/IPL/"
  },
  {
    "team_name": "Sunrisers Hyderabad",
    "team_coach": "Tom Moody",
    "team_captain": "David Warner",
    "team_home_venue": "Rajiv Gandhi Intl. Cricket Stadium",
    "team_owner": "SUN TV Network",
"destination_folder_name" : "/IPL/"
  }
]
